file_path,file_type,file_name,ticker,disclosure_date,title,source_doc_id,source_url,text_extract_ok,text_length,title_detected,is_buyback_related,event_type_candidate,classification_confidence,extraction_confidence,confidence_final,matched_keywords,exclusion_reason,event_type,shares_limit,shares_acquired,shares_cancelled,amount_limit_million_yen,amount_acquired_million_yen,ratio_to_outstanding,start_date,end_date,cancel_date,acquisition_method,board_resolution_date,status_period_label,extracted_fields_count,missing_key_fields,raw_method_text,raw_amount_text,raw_shares_text,raw_period_text,review_bucket,review_notes
data\docs\140120260204547040.pdf,pdf,140120260204547040.pdf,1401,2026-02-04,,,,True,22877,,False,,0.0,0.0,0.0,,,,,,,,,,,,,,,,0,,,,,,non_buyback,
data\docs\140120260206549927.pdf,pdf,140120260206549927.pdf,1401,2026-02-06,,,,True,1773,,False,,0.0,0.0,0.0,,,,,,,,,,,,,,,,0,,,,,,non_buyback,
data\docs\140120260213561316.pdf,pdf,140120260213561316.pdf,1401,2026-02-13,,,,True,12800,,False,,0.0,0.0,0.0,,,,,,,,,,,,,,,,0,,,,,,non_buyback,
data\docs\140120260216563435.pdf,pdf,140120260216563435.pdf,1401,2026-02-16,,,,True,2028,,False,,0.0,0.0,0.0,,,,,,,,,,,,,,,,0,,,,,,non_buyback,
data\docs\140120260217563586.pdf,pdf,140120260217563586.pdf,1401,2026-02-17,,,,True,1540,,False,,0.0,0.0,0.0,,,,,,,,,,,,,,,,0,,,,,,non_buyback,
data\docs\140120260217563949.pdf,pdf,140120260217563949.pdf,1401,2026-02-17,,,,True,1180,,False,,0.0,0.0,0.0,,,,,,,,,,,,,,,,0,,,,,,non_buyback,
data\docs\140120260217563972.pdf,pdf,140120260217563972.pdf,1401,2026-02-17,,,,True,9467,,False,,0.0,0.0,0.0,,,,,,,,,,,,,,,,0,,,,,,non_buyback,
data\docs\140120260218564170.pdf,pdf,140120260218564170.pdf,1401,2026-02-18,,,,True,1032,,False,,0.0,0.0,0.0,,,,,,,,,,,,,,,,0,,,,,,non_buyback,
data\docs\140120260218564639.pdf,pdf,140120260218564639.pdf,1401,2026-02-18,,,,True,1334,,False,,0.0,0.0,0.0,,,,,,,,,,,,,,,,0,,,,,,non_buyback,
data\docs\140120260219565026.pdf,pdf,140120260219565026.pdf,1401,2026-02-19,,,,True,12044,,False,,0.0,0.0,0.0,,,,,,,,,,,,,,,,0,,,,,,non_buyback,
data\docs\140120260220565976.pdf,pdf,140120260220565976.pdf,1401,2026-02-20,,,,True,18217,,False,,0.0,0.0,0.0,,,,,,,,,,,,,,,,0,,,,,,non_buyback,
data\docs\140120260220566014.pdf,pdf,140120260220566014.pdf,1401,2026-02-20,,,,True,1193,,False,,0.0,0.0,0.0,,,,,,,,,,,,,,,,0,,,,,,non_buyback,
data\docs\140120260220566295.pdf,pdf,140120260220566295.pdf,1401,2026-02-20,,,,True,17599,,False,,0.0,0.0,0.0,,,,,,,,,,,,,,,,0,,,,,,non_buyback,
data\docs\140120260220566605.pdf,pdf,140120260220566605.pdf,1401,2026-02-20,,,,True,1149,,False,,0.0,0.0,0.0,,,,,,,,,,,,,,,,0,,,,,,non_buyback,
data\docs\140120260220566631.pdf,pdf,140120260220566631.pdf,1401,2026-02-20,,,,True,17827,,True,,0.2,0.0,0.2,自己株式の取得,,,,,,,,,,,,,,,0,,,,,,classifier_only,
data\docs\140120260220566887.pdf,pdf,140120260220566887.pdf,1401,2026-02-20,,,,True,16364,,False,,0.0,0.0,0.0,,,,,,,,,,,,,,,,0,,,,,,non_buyback,
data\docs\140120260222566954.pdf,pdf,140120260222566954.pdf,1401,2026-02-22,,,,True,19827,,False,,0.0,0.0,0.0,,,,,,,,,,,,,,,,0,,,,,,non_buyback,
data\docs\140120260222566956.pdf,pdf,140120260222566956.pdf,1401,2026-02-22,,,,True,68872,,False,,0.0,0.0,0.0,,,,,,,,,,,,,,,,0,,,,,,non_buyback,
data\docs\140120260223566990.pdf,pdf,140120260223566990.pdf,1401,2026-02-23,,,,True,2544,,True,treasury_cancel,0.6,0.6,0.6,自己株式の消却,,treasury_cancel,,,,,,,,,,,,,0,shares_cancelled|cancel_date,,,,,classifier_only,
data\docs\140120260224567012.pdf,pdf,140120260224567012.pdf,1401,2026-02-24,,,,True,8819,,False,,0.0,0.0,0.0,,,,,,,,,,,,,,,,0,,,,,,non_buyback,
data\docs\140120260224567066.pdf,pdf,140120260224567066.pdf,1401,2026-02-24,,,,True,1221,,False,,0.0,0.0,0.0,,,,,,,,,,,,,,,,0,,,,,,non_buyback,
data\docs\140120260224567138.pdf,pdf,140120260224567138.pdf,1401,2026-02-24,,,,True,5960,,False,,0.0,0.0,0.0,,,,,,,,,,,,,,,,0,,,,,,non_buyback,
data\docs\140120260224567144.pdf,pdf,140120260224567144.pdf,1401,2026-02-24,,,,True,7903,,False,,0.0,0.0,0.0,,,,,,,,,,,,,,,,0,,,,,,non_buyback,
data\docs\140120260224567147.pdf,pdf,140120260224567147.pdf,1401,2026-02-24,,,,True,46106,,False,,0.0,0.0,0.0,,,,,,,,,,,,,,,,0,,,,,,non_buyback,
data\docs\140120260224567149.pdf,pdf,140120260224567149.pdf,1401,2026-02-24,,,,True,9043,,False,,0.0,0.0,0.0,,,,,,,,,,,,,,,,0,,,,,,non_buyback,
data\docs\140120260224567152.pdf,pdf,140120260224567152.pdf,1401,2026-02-24,,,,True,8588,,False,,0.0,0.0,0.0,,,,,,,,,,,,,,,,0,,,,,,non_buyback,
data\docs\140120260224567155.pdf,pdf,140120260224567155.pdf,1401,2026-02-24,,,,True,8441,,False,,0.0,0.0,0.0,,,,,,,,,,,,,,,,0,,,,,,non_buyback,
data\docs\140120260224567163.pdf,pdf,140120260224567163.pdf,1401,2026-02-24,,,,True,9026,,False,,0.0,0.0,0.0,,,,,,,,,,,,,,,,0,,,,,,non_buyback,
data\docs\140120260224567168.pdf,pdf,140120260224567168.pdf,1401,2026-02-24,,,,True,8711,,False,,0.0,0.0,0.0,,,,,,,,,,,,,,,,0,,,,,,non_buyback,
data\docs\140120260224567173.pdf,pdf,140120260224567173.pdf,1401,2026-02-24,,,,True,8240,,False,,0.0,0.0,0.0,,,,,,,,,,,,,,,,0,,,,,,non_buyback,
data\docs\140120260224567178.pdf,pdf,140120260224567178.pdf,1401,2026-02-24,,,,True,8056,,False,,0.0,0.0,0.0,,,,,,,,,,,,,,,,0,,,,,,non_buyback,
data\docs\140120260224567185.pdf,pdf,140120260224567185.pdf,1401,2026-02-24,,,,True,8358,,False,,0.0,0.0,0.0,,,,,,,,,,,,,,,,0,,,,,,non_buyback,
data\docs\140120260224567189.pdf,pdf,140120260224567189.pdf,1401,2026-02-24,,,,True,8089,,False,,0.0,0.0,0.0,,,,,,,,,,,,,,,,0,,,,,,non_buyback,
data\docs\140120260224567193.pdf,pdf,140120260224567193.pdf,1401,2026-02-24,,,,True,8693,,False,,0.0,0.0,0.0,,,,,,,,,,,,,,,,0,,,,,,non_buyback,
data\docs\140120260224567261.pdf,pdf,140120260224567261.pdf,1401,2026-02-24,,,,True,8812,,False,,0.0,0.0,0.0,,,,,,,,,,,,,,,,0,,,,,,non_buyback,
data\docs\140120260224567269.pdf,pdf,140120260224567269.pdf,1401,2026-02-24,,,,True,1359,,False,,0.0,0.0,0.0,,,,,,,,,,,,,,,,0,,,,,,non_buyback,
data\docs\140120260224567271.pdf,pdf,140120260224567271.pdf,1401,2026-02-24,,,,True,8748,,False,,0.0,0.0,0.0,,,,,,,,,,,,,,,,0,,,,,,non_buyback,
data\docs\140120260224567278.pdf,pdf,140120260224567278.pdf,1401,2026-02-24,,,,True,6787,,False,,0.0,0.0,0.0,,,,,,,,,,,,,,,,0,,,,,,non_buyback,
data\docs\140120260224567286.pdf,pdf,140120260224567286.pdf,1401,2026-02-24,,,,True,8624,,False,,0.0,0.0,0.0,,,,,,,,,,,,,,,,0,,,,,,non_buyback,
data\docs\140120260224567292.pdf,pdf,140120260224567292.pdf,1401,2026-02-24,,,,True,8548,,False,,0.0,0.0,0.0,,,,,,,,,,,,,,,,0,,,,,,non_buyback,
data\docs\140120260224567297.pdf,pdf,140120260224567297.pdf,1401,2026-02-24,,,,True,11012,,False,,0.0,0.0,0.0,,,,,,,,,,,,,,,,0,,,,,,non_buyback,
data\docs\140120260224567307.pdf,pdf,140120260224567307.pdf,1401,2026-02-24,,,,True,8241,,False,,0.0,0.0,0.0,,,,,,,,,,,,,,,,0,,,,,,non_buyback,
data\docs\140120260224567311.pdf,pdf,140120260224567311.pdf,1401,2026-02-24,,,,True,4578,,False,,0.0,0.0,0.0,,,,,,,,,,,,,,,,0,,,,,,non_buyback,
data\docs\140120260224567314.pdf,pdf,140120260224567314.pdf,1401,2026-02-24,,,,True,8442,,False,,0.0,0.0,0.0,,,,,,,,,,,,,,,,0,,,,,,non_buyback,
data\docs\140120260224567323.pdf,pdf,140120260224567323.pdf,1401,2026-02-24,,,,True,8700,,False,,0.0,0.0,0.0,,,,,,,,,,,,,,,,0,,,,,,non_buyback,
data\docs\140120260224567328.pdf,pdf,140120260224567328.pdf,1401,2026-02-24,,,,True,6685,,False,,0.0,0.0,0.0,,,,,,,,,,,,,,,,0,,,,,,non_buyback,
data\docs\140120260224567377.pdf,pdf,140120260224567377.pdf,1401,2026-02-24,,,,True,19421,,False,,0.0,0.0,0.0,,,,,,,,,,,,,,,,0,,,,,,non_buyback,
data\docs\140120260224567389.pdf,pdf,140120260224567389.pdf,1401,2026-02-24,,,,False,0,,False,,0.0,0.0,0.0,,,,,,,,,,,,,,,,0,,,,,,text_extract_failed,PDF text extraction yielded empty text
data\docs\140120260224567413.pdf,pdf,140120260224567413.pdf,1401,2026-02-24,,,,True,1787,,False,,0.0,0.0,0.0,,,,,,,,,,,,,,,,0,,,,,,non_buyback,
data\docs\140120260224567426.pdf,pdf,140120260224567426.pdf,1401,2026-02-24,,,,True,1390,,False,,0.0,0.0,0.0,,,,,,,,,,,,,,,,0,,,,,,non_buyback,
