comparison_key,ticker,period,quarter,duplicate_count,sample_rows_json
1301|2022-03-31|FY,1301,2022-03-31,FY,3,"[{""ticker"": ""13010"", ""period"": ""2022-03-31"", ""quarter"": ""FY"", ""sales"": null, ""gross_profit"": null, ""operating_profit"": null, ""disclosed_date"": ""2022-02-25"", ""fetched_at"": ""2026-03-02 12:46:23""}, {""ticker"": ""13010"", ""period"": ""2022-03-31"", ""quarter"": ""FY"", ""sales"": null, ""gross_profit"": null, ""operating_profit"": null, ""disclosed_date"": ""2022-04-25"", ""fetched_at"": ""2026-03-02 12:46:23""}, {""ticker"": ""13010"", ""period"": ""2022-03-31"", ""quarter"": ""FY"", ""sales"": 253575000000, ""gross_profit"": 28016000000, ""operating_profit"": 6392000000, ""disclosed_date"": ""2022-05-13"", ""fetched_at"": ""2026-03-02 12:46:23""}]"
1301|2023-03-31|FY,1301,2023-03-31,FY,3,"[{""ticker"": ""13010"", ""period"": ""2023-03-31"", ""quarter"": ""FY"", ""sales"": null, ""gross_profit"": null, ""operating_profit"": null, ""disclosed_date"": ""2023-03-27"", ""fetched_at"": ""2026-03-02 12:46:23""}, {""ticker"": ""13010"", ""period"": ""2023-03-31"", ""quarter"": ""FY"", ""sales"": null, ""gross_profit"": null, ""operating_profit"": null, ""disclosed_date"": ""2023-03-27"", ""fetched_at"": ""2026-03-02 12:46:23""}, {""ticker"": ""13010"", ""period"": ""2023-03-31"", ""quarter"": ""FY"", ""sales"": 272167000000, ""gross_profit"": 31027000000, ""operating_profit"": 8105000000, ""disclosed_date"": ""2023-05-12"", ""fetched_at"": ""2026-03-02 12:46:23""}]"
1301|2024-03-31|FY,1301,2024-03-31,FY,3,"[{""ticker"": ""13010"", ""period"": ""2024-03-31"", ""quarter"": ""FY"", ""sales"": null, ""gross_profit"": null, ""operating_profit"": null, ""disclosed_date"": ""2024-02-02"", ""fetched_at"": ""2026-03-02 12:46:23""}, {""ticker"": ""13010"", ""period"": ""2024-03-31"", ""quarter"": ""FY"", ""sales"": null, ""gross_profit"": null, ""operating_profit"": null, ""disclosed_date"": ""2024-02-02"", ""fetched_at"": ""2026-03-02 12:46:23""}, {""ticker"": ""13010"", ""period"": ""2024-03-31"", ""quarter"": ""FY"", ""sales"": 261604000000, ""gross_profit"": 33390000000, ""operating_profit"": 8806000000, ""disclosed_date"": ""2024-05-10"", ""fetched_at"": ""2026-03-02 12:46:23""}]"
130A0|2024-12-31|FY,130A0,2024-12-31,FY,2,"[{""ticker"": ""130A0"", ""period"": ""2024-12-31"", ""quarter"": ""FY"", ""sales"": null, ""gross_profit"": null, ""operating_profit"": null, ""disclosed_date"": ""2024-12-13"", ""fetched_at"": ""2026-03-02 12:46:25""}, {""ticker"": ""130A0"", ""period"": ""2024-12-31"", ""quarter"": ""FY"", ""sales"": 235018000, ""gross_profit"": null, ""operating_profit"": -212000000, ""disclosed_date"": ""2025-02-13"", ""fetched_at"": ""2026-03-02 12:46:25""}]"
130A0|2025-12-31|FY,130A0,2025-12-31,FY,2,"[{""ticker"": ""130A0"", ""period"": ""2025-12-31"", ""quarter"": ""FY"", ""sales"": null, ""gross_profit"": null, ""operating_profit"": null, ""disclosed_date"": ""2025-10-14"", ""fetched_at"": ""2026-03-02 12:46:25""}, {""ticker"": ""130A0"", ""period"": ""2025-12-31"", ""quarter"": ""FY"", ""sales"": null, ""gross_profit"": null, ""operating_profit"": -396000000, ""disclosed_date"": ""2026-02-12"", ""fetched_at"": ""2026-03-02 12:46:25""}]"
1332|2025-03-31|FY,1332,2025-03-31,FY,2,"[{""ticker"": ""13320"", ""period"": ""2025-03-31"", ""quarter"": ""FY"", ""sales"": 886126000000, ""gross_profit"": 139250000000, ""operating_profit"": 31779000000, ""disclosed_date"": ""2025-05-14"", ""fetched_at"": ""2026-03-02 12:46:31""}, {""ticker"": ""13320"", ""period"": ""2025-03-31"", ""quarter"": ""FY"", ""sales"": 886126000000, ""gross_profit"": 139250000000, ""operating_profit"": 31779000000, ""disclosed_date"": ""2025-05-21"", ""fetched_at"": ""2026-03-02 12:46:31""}]"
1333|2024-03-31|FY,1333,2024-03-31,FY,2,"[{""ticker"": ""13330"", ""period"": ""2024-03-31"", ""quarter"": ""FY"", ""sales"": 1030674000000, ""gross_profit"": 133818000000, ""operating_profit"": 26534000000, ""disclosed_date"": ""2024-05-07"", ""fetched_at"": ""2026-03-02 12:46:31""}, {""ticker"": ""13330"", ""period"": ""2024-03-31"", ""quarter"": ""FY"", ""sales"": 1030674000000, ""gross_profit"": 133818000000, ""operating_profit"": 26534000000, ""disclosed_date"": ""2024-06-17"", ""fetched_at"": ""2026-03-02 12:46:31""}]"
1375|2022-03-31|FY,1375,2022-03-31,FY,3,"[{""ticker"": ""13750"", ""period"": ""2022-03-31"", ""quarter"": ""FY"", ""sales"": null, ""gross_profit"": null, ""operating_profit"": null, ""disclosed_date"": ""2022-02-03"", ""fetched_at"": ""2026-03-02 12:46:40""}, {""ticker"": ""13750"", ""period"": ""2022-03-31"", ""quarter"": ""FY"", ""sales"": null, ""gross_profit"": null, ""operating_profit"": null, ""disclosed_date"": ""2022-02-04"", ""fetched_at"": ""2026-03-02 12:46:40""}, {""ticker"": ""13750"", ""period"": ""2022-03-31"", ""quarter"": ""FY"", ""sales"": 47081000000, ""gross_profit"": 13350000000, ""operating_profit"": 4975000000, ""disclosed_date"": ""2022-05-12"", ""fetched_at"": ""2026-03-02 12:46:40""}]"
1375|2023-03-31|FY,1375,2023-03-31,FY,2,"[{""ticker"": ""13750"", ""period"": ""2023-03-31"", ""quarter"": ""FY"", ""sales"": 42204000000, ""gross_profit"": 10516000000, ""operating_profit"": 2191000000, ""disclosed_date"": ""2023-05-11"", ""fetched_at"": ""2026-03-02 12:46:40""}, {""ticker"": ""13750"", ""period"": ""2023-03-31"", ""quarter"": ""FY"", ""sales"": 42204000000, ""gross_profit"": null, ""operating_profit"": 2191000000, ""disclosed_date"": ""2023-05-12"", ""fetched_at"": ""2026-03-02 12:46:40""}]"
1375|2024-03-31|FY,1375,2024-03-31,FY,2,"[{""ticker"": ""13750"", ""period"": ""2024-03-31"", ""quarter"": ""FY"", ""sales"": null, ""gross_profit"": null, ""operating_profit"": null, ""disclosed_date"": ""2024-03-19"", ""fetched_at"": ""2026-03-02 12:46:40""}, {""ticker"": ""13750"", ""period"": ""2024-03-31"", ""quarter"": ""FY"", ""sales"": 47476000000, ""gross_profit"": 11616000000, ""operating_profit"": 2811000000, ""disclosed_date"": ""2024-05-09"", ""fetched_at"": ""2026-03-02 12:46:40""}]"
1375|2025-03-31|2Q,1375,2025-03-31,2Q,2,"[{""ticker"": ""13750"", ""period"": ""2025-03-31"", ""quarter"": ""2Q"", ""sales"": 21555000000, ""gross_profit"": 5532000000, ""operating_profit"": 1316000000, ""disclosed_date"": ""2024-11-07"", ""fetched_at"": ""2026-03-02 12:46:40""}, {""ticker"": ""13750"", ""period"": ""2025-03-31"", ""quarter"": ""2Q"", ""sales"": 21555000000, ""gross_profit"": null, ""operating_profit"": 1316000000, ""disclosed_date"": ""2024-11-25"", ""fetched_at"": ""2026-03-02 12:46:40""}]"
1376|2023-05-31|1Q,1376,2023-05-31,1Q,2,"[{""ticker"": ""13760"", ""period"": ""2023-05-31"", ""quarter"": ""1Q"", ""sales"": 14577000000, ""gross_profit"": 2218815000, ""operating_profit"": 333000000, ""disclosed_date"": ""2022-10-07"", ""fetched_at"": ""2026-03-02 12:46:41""}, {""ticker"": ""13760"", ""period"": ""2023-05-31"", ""quarter"": ""1Q"", ""sales"": 14577000000, ""gross_profit"": 2176249000, ""operating_profit"": 291000000, ""disclosed_date"": ""2022-10-12"", ""fetched_at"": ""2026-03-02 12:46:41""}]"
1376|2025-05-31|FY,1376,2025-05-31,FY,2,"[{""ticker"": ""13760"", ""period"": ""2025-05-31"", ""quarter"": ""FY"", ""sales"": null, ""gross_profit"": null, ""operating_profit"": null, ""disclosed_date"": ""2025-05-16"", ""fetched_at"": ""2026-03-02 12:46:41""}, {""ticker"": ""13760"", ""period"": ""2025-05-31"", ""quarter"": ""FY"", ""sales"": 64508000000, ""gross_profit"": 9536545000, ""operating_profit"": 1511000000, ""disclosed_date"": ""2025-07-11"", ""fetched_at"": ""2026-03-02 12:46:41""}]"
1377|2024-05-31|FY,1377,2024-05-31,FY,2,"[{""ticker"": ""13770"", ""period"": ""2024-05-31"", ""quarter"": ""FY"", ""sales"": null, ""gross_profit"": null, ""operating_profit"": null, ""disclosed_date"": ""2024-02-16"", ""fetched_at"": ""2026-03-02 12:46:42""}, {""ticker"": ""13770"", ""period"": ""2024-05-31"", ""quarter"": ""FY"", ""sales"": 88677000000, ""gross_profit"": 53973000000, ""operating_profit"": 10495000000, ""disclosed_date"": ""2024-07-12"", ""fetched_at"": ""2026-03-02 12:46:42""}]"
1379|2022-03-31|FY,1379,2022-03-31,FY,2,"[{""ticker"": ""13790"", ""period"": ""2022-03-31"", ""quarter"": ""FY"", ""sales"": null, ""gross_profit"": null, ""operating_profit"": null, ""disclosed_date"": ""2022-02-10"", ""fetched_at"": ""2026-03-02 12:46:43""}, {""ticker"": ""13790"", ""period"": ""2022-03-31"", ""quarter"": ""FY"", ""sales"": 70932000000, ""gross_profit"": 17392000000, ""operating_profit"": 2014000000, ""disclosed_date"": ""2022-05-13"", ""fetched_at"": ""2026-03-02 12:46:43""}]"
1379|2023-03-31|FY,1379,2023-03-31,FY,5,"[{""ticker"": ""13790"", ""period"": ""2023-03-31"", ""quarter"": ""FY"", ""sales"": null, ""gross_profit"": null, ""operating_profit"": null, ""disclosed_date"": ""2022-11-11"", ""fetched_at"": ""2026-03-02 12:46:43""}, {""ticker"": ""13790"", ""period"": ""2023-03-31"", ""quarter"": ""FY"", ""sales"": null, ""gross_profit"": null, ""operating_profit"": null, ""disclosed_date"": ""2023-02-10"", ""fetched_at"": ""2026-03-02 12:46:43""}, {""ticker"": ""13790"", ""period"": ""2023-03-31"", ""quarter"": ""FY"", ""sales"": null, ""gross_profit"": null, ""operating_profit"": null, ""disclosed_date"": ""2023-03-17"", ""fetched_at"": ""2026-03-02 12:46:43""}]"
1379|2024-03-31|2Q,1379,2024-03-31,2Q,2,"[{""ticker"": ""13790"", ""period"": ""2024-03-31"", ""quarter"": ""2Q"", ""sales"": null, ""gross_profit"": null, ""operating_profit"": null, ""disclosed_date"": ""2023-11-08"", ""fetched_at"": ""2026-03-02 12:46:43""}, {""ticker"": ""13790"", ""period"": ""2024-03-31"", ""quarter"": ""2Q"", ""sales"": 34862000000, ""gross_profit"": 5723000000, ""operating_profit"": -1975000000, ""disclosed_date"": ""2023-11-10"", ""fetched_at"": ""2026-03-02 12:46:43""}]"
1379|2024-03-31|FY,1379,2024-03-31,FY,2,"[{""ticker"": ""13790"", ""period"": ""2024-03-31"", ""quarter"": ""FY"", ""sales"": null, ""gross_profit"": null, ""operating_profit"": null, ""disclosed_date"": ""2024-03-08"", ""fetched_at"": ""2026-03-02 12:46:43""}, {""ticker"": ""13790"", ""period"": ""2024-03-31"", ""quarter"": ""FY"", ""sales"": 79426000000, ""gross_profit"": 19789000000, ""operating_profit"": 3180000000, ""disclosed_date"": ""2024-05-10"", ""fetched_at"": ""2026-03-02 12:46:43""}]"
1379|2025-03-31|2Q,1379,2025-03-31,2Q,2,"[{""ticker"": ""13790"", ""period"": ""2025-03-31"", ""quarter"": ""2Q"", ""sales"": null, ""gross_profit"": null, ""operating_profit"": null, ""disclosed_date"": ""2024-11-14"", ""fetched_at"": ""2026-03-02 12:46:43""}, {""ticker"": ""13790"", ""period"": ""2025-03-31"", ""quarter"": ""2Q"", ""sales"": 35998000000, ""gross_profit"": 7573000000, ""operating_profit"": -282000000, ""disclosed_date"": ""2024-11-14"", ""fetched_at"": ""2026-03-02 12:46:43""}]"
1379|2025-03-31|FY,1379,2025-03-31,FY,4,"[{""ticker"": ""13790"", ""period"": ""2025-03-31"", ""quarter"": ""FY"", ""sales"": null, ""gross_profit"": null, ""operating_profit"": null, ""disclosed_date"": ""2024-12-13"", ""fetched_at"": ""2026-03-02 12:46:43""}, {""ticker"": ""13790"", ""period"": ""2025-03-31"", ""quarter"": ""FY"", ""sales"": null, ""gross_profit"": null, ""operating_profit"": null, ""disclosed_date"": ""2025-02-14"", ""fetched_at"": ""2026-03-02 12:46:43""}, {""ticker"": ""13790"", ""period"": ""2025-03-31"", ""quarter"": ""FY"", ""sales"": 83104000000, ""gross_profit"": 23760000000, ""operating_profit"": 6628000000, ""disclosed_date"": ""2025-05-14"", ""fetched_at"": ""2026-03-02 12:46:43""}]"
1379|2026-03-31|FY,1379,2026-03-31,FY,2,"[{""ticker"": ""13790"", ""period"": ""2026-03-31"", ""quarter"": ""FY"", ""sales"": null, ""gross_profit"": null, ""operating_profit"": null, ""disclosed_date"": ""2025-11-14"", ""fetched_at"": ""2026-03-02 12:46:43""}, {""ticker"": ""13790"", ""period"": ""2026-03-31"", ""quarter"": ""FY"", ""sales"": null, ""gross_profit"": null, ""operating_profit"": null, ""disclosed_date"": ""2026-02-13"", ""fetched_at"": ""2026-03-02 12:46:43""}]"
1380|2023-03-31|FY,1380,2023-03-31,FY,2,"[{""ticker"": ""13800"", ""period"": ""2023-03-31"", ""quarter"": ""FY"", ""sales"": null, ""gross_profit"": null, ""operating_profit"": null, ""disclosed_date"": ""2023-02-10"", ""fetched_at"": ""2026-03-02 12:46:44""}, {""ticker"": ""13800"", ""period"": ""2023-03-31"", ""quarter"": ""FY"", ""sales"": 7070000000, ""gross_profit"": 1653817000, ""operating_profit"": 19000000, ""disclosed_date"": ""2023-05-11"", ""fetched_at"": ""2026-03-02 12:46:44""}]"
1382|2021-06-30|FY,1382,2021-06-30,FY,3,"[{""ticker"": ""13820"", ""period"": ""2021-06-30"", ""quarter"": ""FY"", ""sales"": null, ""gross_profit"": null, ""operating_profit"": null, ""disclosed_date"": ""2021-05-06"", ""fetched_at"": ""2026-03-02 12:46:46""}, {""ticker"": ""13820"", ""period"": ""2021-06-30"", ""quarter"": ""FY"", ""sales"": null, ""gross_profit"": null, ""operating_profit"": null, ""disclosed_date"": ""2021-08-04"", ""fetched_at"": ""2026-03-02 12:46:46""}, {""ticker"": ""13820"", ""period"": ""2021-06-30"", ""quarter"": ""FY"", ""sales"": 3039000000, ""gross_profit"": 647115000, ""operating_profit"": 106000000, ""disclosed_date"": ""2021-08-05"", ""fetched_at"": ""2026-03-02 12:46:46""}]"
1382|2022-06-30|2Q,1382,2022-06-30,2Q,2,"[{""ticker"": ""13820"", ""period"": ""2022-06-30"", ""quarter"": ""2Q"", ""sales"": null, ""gross_profit"": null, ""operating_profit"": null, ""disclosed_date"": ""2022-02-03"", ""fetched_at"": ""2026-03-02 12:46:46""}, {""ticker"": ""13820"", ""period"": ""2022-06-30"", ""quarter"": ""2Q"", ""sales"": 1340000000, ""gross_profit"": 368636000, ""operating_profit"": 87000000, ""disclosed_date"": ""2022-02-04"", ""fetched_at"": ""2026-03-02 12:46:46""}]"
1382|2023-06-30|FY,1382,2023-06-30,FY,2,"[{""ticker"": ""13820"", ""period"": ""2023-06-30"", ""quarter"": ""FY"", ""sales"": null, ""gross_profit"": null, ""operating_profit"": null, ""disclosed_date"": ""2023-08-08"", ""fetched_at"": ""2026-03-02 12:46:46""}, {""ticker"": ""13820"", ""period"": ""2023-06-30"", ""quarter"": ""FY"", ""sales"": 2489000000, ""gross_profit"": 664431000, ""operating_profit"": 135000000, ""disclosed_date"": ""2023-08-09"", ""fetched_at"": ""2026-03-02 12:46:46""}]"
1382|2024-06-30|2Q,1382,2024-06-30,2Q,2,"[{""ticker"": ""13820"", ""period"": ""2024-06-30"", ""quarter"": ""2Q"", ""sales"": null, ""gross_profit"": null, ""operating_profit"": null, ""disclosed_date"": ""2024-02-06"", ""fetched_at"": ""2026-03-02 12:46:46""}, {""ticker"": ""13820"", ""period"": ""2024-06-30"", ""quarter"": ""2Q"", ""sales"": 1416000000, ""gross_profit"": 306478000, ""operating_profit"": 35000000, ""disclosed_date"": ""2024-02-07"", ""fetched_at"": ""2026-03-02 12:46:46""}]"
1382|2024-06-30|FY,1382,2024-06-30,FY,2,"[{""ticker"": ""13820"", ""period"": ""2024-06-30"", ""quarter"": ""FY"", ""sales"": null, ""gross_profit"": null, ""operating_profit"": null, ""disclosed_date"": ""2024-08-07"", ""fetched_at"": ""2026-03-02 12:46:46""}, {""ticker"": ""13820"", ""period"": ""2024-06-30"", ""quarter"": ""FY"", ""sales"": 2519000000, ""gross_profit"": 551989000, ""operating_profit"": 32000000, ""disclosed_date"": ""2024-08-08"", ""fetched_at"": ""2026-03-02 12:46:46""}]"
1382|2025-06-30|2Q,1382,2025-06-30,2Q,2,"[{""ticker"": ""13820"", ""period"": ""2025-06-30"", ""quarter"": ""2Q"", ""sales"": null, ""gross_profit"": null, ""operating_profit"": null, ""disclosed_date"": ""2025-02-05"", ""fetched_at"": ""2026-03-02 12:46:46""}, {""ticker"": ""13820"", ""period"": ""2025-06-30"", ""quarter"": ""2Q"", ""sales"": 1272000000, ""gross_profit"": 296014000, ""operating_profit"": 35000000, ""disclosed_date"": ""2025-02-06"", ""fetched_at"": ""2026-03-02 12:46:46""}]"
1382|2025-06-30|FY,1382,2025-06-30,FY,2,"[{""ticker"": ""13820"", ""period"": ""2025-06-30"", ""quarter"": ""FY"", ""sales"": null, ""gross_profit"": null, ""operating_profit"": null, ""disclosed_date"": ""2025-08-06"", ""fetched_at"": ""2026-03-02 12:46:46""}, {""ticker"": ""13820"", ""period"": ""2025-06-30"", ""quarter"": ""FY"", ""sales"": 2412000000, ""gross_profit"": 550075000, ""operating_profit"": 38000000, ""disclosed_date"": ""2025-08-07"", ""fetched_at"": ""2026-03-02 12:46:46""}]"
1383|2021-10-31|FY,1383,2021-10-31,FY,2,"[{""ticker"": ""13830"", ""period"": ""2021-10-31"", ""quarter"": ""FY"", ""sales"": null, ""gross_profit"": null, ""operating_profit"": null, ""disclosed_date"": ""2021-12-03"", ""fetched_at"": ""2026-03-02 12:46:47""}, {""ticker"": ""13830"", ""period"": ""2021-10-31"", ""quarter"": ""FY"", ""sales"": 5372000000, ""gross_profit"": 1330996000, ""operating_profit"": -54000000, ""disclosed_date"": ""2021-12-13"", ""fetched_at"": ""2026-03-02 12:46:47""}]"
1383|2023-10-31|FY,1383,2023-10-31,FY,2,"[{""ticker"": ""13830"", ""period"": ""2023-10-31"", ""quarter"": ""FY"", ""sales"": null, ""gross_profit"": null, ""operating_profit"": null, ""disclosed_date"": ""2023-11-29"", ""fetched_at"": ""2026-03-02 12:46:47""}, {""ticker"": ""13830"", ""period"": ""2023-10-31"", ""quarter"": ""FY"", ""sales"": 7061000000, ""gross_profit"": 1754909000, ""operating_profit"": 76000000, ""disclosed_date"": ""2023-12-13"", ""fetched_at"": ""2026-03-02 12:46:47""}]"
1383|2024-10-31|FY,1383,2024-10-31,FY,2,"[{""ticker"": ""13830"", ""period"": ""2024-10-31"", ""quarter"": ""FY"", ""sales"": null, ""gross_profit"": null, ""operating_profit"": null, ""disclosed_date"": ""2024-11-29"", ""fetched_at"": ""2026-03-02 12:46:47""}, {""ticker"": ""13830"", ""period"": ""2024-10-31"", ""quarter"": ""FY"", ""sales"": 7094000000, ""gross_profit"": 1741972000, ""operating_profit"": 22000000, ""disclosed_date"": ""2024-12-13"", ""fetched_at"": ""2026-03-02 12:46:47""}]"
1383|2025-10-31|FY,1383,2025-10-31,FY,2,"[{""ticker"": ""13830"", ""period"": ""2025-10-31"", ""quarter"": ""FY"", ""sales"": null, ""gross_profit"": null, ""operating_profit"": null, ""disclosed_date"": ""2025-12-08"", ""fetched_at"": ""2026-03-02 12:46:47""}, {""ticker"": ""13830"", ""period"": ""2025-10-31"", ""quarter"": ""FY"", ""sales"": 7303000000, ""gross_profit"": 1716991000, ""operating_profit"": -32000000, ""disclosed_date"": ""2025-12-15"", ""fetched_at"": ""2026-03-02 12:46:47""}]"
1384|2021-03-31|FY,1384,2021-03-31,FY,2,"[{""ticker"": ""13840"", ""period"": ""2021-03-31"", ""quarter"": ""FY"", ""sales"": null, ""gross_profit"": null, ""operating_profit"": null, ""disclosed_date"": ""2021-04-21"", ""fetched_at"": ""2026-03-02 12:46:48""}, {""ticker"": ""13840"", ""period"": ""2021-03-31"", ""quarter"": ""FY"", ""sales"": 13060000000, ""gross_profit"": 1718262000, ""operating_profit"": 152000000, ""disclosed_date"": ""2021-05-13"", ""fetched_at"": ""2026-03-02 12:46:48""}]"
1384|2022-03-31|FY,1384,2022-03-31,FY,3,"[{""ticker"": ""13840"", ""period"": ""2022-03-31"", ""quarter"": ""FY"", ""sales"": null, ""gross_profit"": null, ""operating_profit"": null, ""disclosed_date"": ""2021-08-12"", ""fetched_at"": ""2026-03-02 12:46:48""}, {""ticker"": ""13840"", ""period"": ""2022-03-31"", ""quarter"": ""FY"", ""sales"": null, ""gross_profit"": null, ""operating_profit"": null, ""disclosed_date"": ""2022-05-02"", ""fetched_at"": ""2026-03-02 12:46:48""}, {""ticker"": ""13840"", ""period"": ""2022-03-31"", ""quarter"": ""FY"", ""sales"": 15359000000, ""gross_profit"": 2642727000, ""operating_profit"": 878000000, ""disclosed_date"": ""2022-05-13"", ""fetched_at"": ""2026-03-02 12:46:48""}]"
1384|2023-03-31|FY,1384,2023-03-31,FY,2,"[{""ticker"": ""13840"", ""period"": ""2023-03-31"", ""quarter"": ""FY"", ""sales"": null, ""gross_profit"": null, ""operating_profit"": null, ""disclosed_date"": ""2022-11-11"", ""fetched_at"": ""2026-03-02 12:46:48""}, {""ticker"": ""13840"", ""period"": ""2023-03-31"", ""quarter"": ""FY"", ""sales"": 17823000000, ""gross_profit"": 3123000000, ""operating_profit"": 1318000000, ""disclosed_date"": ""2023-05-12"", ""fetched_at"": ""2026-03-02 12:46:48""}]"
1384|2025-03-31|FY,1384,2025-03-31,FY,4,"[{""ticker"": ""13840"", ""period"": ""2025-03-31"", ""quarter"": ""FY"", ""sales"": null, ""gross_profit"": null, ""operating_profit"": null, ""disclosed_date"": ""2024-11-13"", ""fetched_at"": ""2026-03-02 12:46:48""}, {""ticker"": ""13840"", ""period"": ""2025-03-31"", ""quarter"": ""FY"", ""sales"": null, ""gross_profit"": null, ""operating_profit"": null, ""disclosed_date"": ""2024-11-14"", ""fetched_at"": ""2026-03-02 12:46:48""}, {""ticker"": ""13840"", ""period"": ""2025-03-31"", ""quarter"": ""FY"", ""sales"": null, ""gross_profit"": null, ""operating_profit"": null, ""disclosed_date"": ""2025-02-12"", ""fetched_at"": ""2026-03-02 12:46:48""}]"
1401|2021-05-31|FY,1401,2021-05-31,FY,2,"[{""ticker"": ""14010"", ""period"": ""2021-05-31"", ""quarter"": ""FY"", ""sales"": null, ""gross_profit"": null, ""operating_profit"": null, ""disclosed_date"": ""2021-07-13"", ""fetched_at"": ""2026-03-02 12:46:51""}, {""ticker"": ""14010"", ""period"": ""2021-05-31"", ""quarter"": ""FY"", ""sales"": 3439000000, ""gross_profit"": 997861000, ""operating_profit"": 243000000, ""disclosed_date"": ""2021-07-14"", ""fetched_at"": ""2026-03-02 12:46:51""}]"
1401|2022-05-31|FY,1401,2022-05-31,FY,3,"[{""ticker"": ""14010"", ""period"": ""2022-05-31"", ""quarter"": ""FY"", ""sales"": null, ""gross_profit"": null, ""operating_profit"": null, ""disclosed_date"": ""2022-01-12"", ""fetched_at"": ""2026-03-02 12:46:51""}, {""ticker"": ""14010"", ""period"": ""2022-05-31"", ""quarter"": ""FY"", ""sales"": null, ""gross_profit"": null, ""operating_profit"": null, ""disclosed_date"": ""2022-07-12"", ""fetched_at"": ""2026-03-02 12:46:51""}, {""ticker"": ""14010"", ""period"": ""2022-05-31"", ""quarter"": ""FY"", ""sales"": 4030000000, ""gross_profit"": 1198461000, ""operating_profit"": 440000000, ""disclosed_date"": ""2022-07-13"", ""fetched_at"": ""2026-03-02 12:46:51""}]"
1401|2023-05-31|2Q,1401,2023-05-31,2Q,2,"[{""ticker"": ""14010"", ""period"": ""2023-05-31"", ""quarter"": ""2Q"", ""sales"": null, ""gross_profit"": null, ""operating_profit"": null, ""disclosed_date"": ""2023-01-12"", ""fetched_at"": ""2026-03-02 12:46:51""}, {""ticker"": ""14010"", ""period"": ""2023-05-31"", ""quarter"": ""2Q"", ""sales"": 1775000000, ""gross_profit"": 531672000, ""operating_profit"": 141000000, ""disclosed_date"": ""2023-01-13"", ""fetched_at"": ""2026-03-02 12:46:51""}]"
1407|2021-08-31|2Q,1407,2021-08-31,2Q,2,"[{""ticker"": ""14070"", ""period"": ""2021-08-31"", ""quarter"": ""2Q"", ""sales"": null, ""gross_profit"": null, ""operating_profit"": null, ""disclosed_date"": ""2021-04-06"", ""fetched_at"": ""2026-03-02 12:46:52""}, {""ticker"": ""14070"", ""period"": ""2021-08-31"", ""quarter"": ""2Q"", ""sales"": 26409000000, ""gross_profit"": 6338000000, ""operating_profit"": 3358000000, ""disclosed_date"": ""2021-04-14"", ""fetched_at"": ""2026-03-02 12:46:52""}]"
1407|2022-08-31|2Q,1407,2022-08-31,2Q,2,"[{""ticker"": ""14070"", ""period"": ""2022-08-31"", ""quarter"": ""2Q"", ""sales"": null, ""gross_profit"": null, ""operating_profit"": null, ""disclosed_date"": ""2022-03-25"", ""fetched_at"": ""2026-03-02 12:46:52""}, {""ticker"": ""14070"", ""period"": ""2022-08-31"", ""quarter"": ""2Q"", ""sales"": 34571000000, ""gross_profit"": 5660000000, ""operating_profit"": 2716000000, ""disclosed_date"": ""2022-04-14"", ""fetched_at"": ""2026-03-02 12:46:52""}]"
1407|2022-08-31|FY,1407,2022-08-31,FY,2,"[{""ticker"": ""14070"", ""period"": ""2022-08-31"", ""quarter"": ""FY"", ""sales"": null, ""gross_profit"": null, ""operating_profit"": null, ""disclosed_date"": ""2022-06-24"", ""fetched_at"": ""2026-03-02 12:46:52""}, {""ticker"": ""14070"", ""period"": ""2022-08-31"", ""quarter"": ""FY"", ""sales"": 67169000000, ""gross_profit"": 14443000000, ""operating_profit"": 7770000000, ""disclosed_date"": ""2022-10-14"", ""fetched_at"": ""2026-03-02 12:46:52""}]"
1407|2023-08-31|2Q,1407,2023-08-31,2Q,2,"[{""ticker"": ""14070"", ""period"": ""2023-08-31"", ""quarter"": ""2Q"", ""sales"": 14801000000, ""gross_profit"": 4735000000, ""operating_profit"": 1510000000, ""disclosed_date"": ""2023-04-14"", ""fetched_at"": ""2026-03-02 12:46:52""}, {""ticker"": ""14070"", ""period"": ""2023-08-31"", ""quarter"": ""2Q"", ""sales"": null, ""gross_profit"": null, ""operating_profit"": null, ""disclosed_date"": ""2023-04-14"", ""fetched_at"": ""2026-03-02 12:46:52""}]"
1407|2023-08-31|FY,1407,2023-08-31,FY,2,"[{""ticker"": ""14070"", ""period"": ""2023-08-31"", ""quarter"": ""FY"", ""sales"": null, ""gross_profit"": null, ""operating_profit"": null, ""disclosed_date"": ""2023-09-01"", ""fetched_at"": ""2026-03-02 12:46:52""}, {""ticker"": ""14070"", ""period"": ""2023-08-31"", ""quarter"": ""FY"", ""sales"": 43734000000, ""gross_profit"": 15356000000, ""operating_profit"": 8499000000, ""disclosed_date"": ""2023-10-13"", ""fetched_at"": ""2026-03-02 12:46:52""}]"
1407|2024-08-31|2Q,1407,2024-08-31,2Q,2,"[{""ticker"": ""14070"", ""period"": ""2024-08-31"", ""quarter"": ""2Q"", ""sales"": null, ""gross_profit"": null, ""operating_profit"": null, ""disclosed_date"": ""2024-04-12"", ""fetched_at"": ""2026-03-02 12:46:52""}, {""ticker"": ""14070"", ""period"": ""2024-08-31"", ""quarter"": ""2Q"", ""sales"": 19915000000, ""gross_profit"": 6640000000, ""operating_profit"": 2913000000, ""disclosed_date"": ""2024-04-12"", ""fetched_at"": ""2026-03-02 12:46:52""}]"
1407|2024-08-31|FY,1407,2024-08-31,FY,4,"[{""ticker"": ""14070"", ""period"": ""2024-08-31"", ""quarter"": ""FY"", ""sales"": null, ""gross_profit"": null, ""operating_profit"": null, ""disclosed_date"": ""2024-08-22"", ""fetched_at"": ""2026-03-02 12:46:52""}, {""ticker"": ""14070"", ""period"": ""2024-08-31"", ""quarter"": ""FY"", ""sales"": null, ""gross_profit"": null, ""operating_profit"": null, ""disclosed_date"": ""2024-10-09"", ""fetched_at"": ""2026-03-02 12:46:52""}, {""ticker"": ""14070"", ""period"": ""2024-08-31"", ""quarter"": ""FY"", ""sales"": 50390000000, ""gross_profit"": 18522000000, ""operating_profit"": 10597000000, ""disclosed_date"": ""2024-10-15"", ""fetched_at"": ""2026-03-02 12:46:52""}]"
1417|2021-03-31|FY,1417,2021-03-31,FY,2,"[{""ticker"": ""14170"", ""period"": ""2021-03-31"", ""quarter"": ""FY"", ""sales"": null, ""gross_profit"": null, ""operating_profit"": null, ""disclosed_date"": ""2021-04-27"", ""fetched_at"": ""2026-03-02 12:46:54""}, {""ticker"": ""14170"", ""period"": ""2021-03-31"", ""quarter"": ""FY"", ""sales"": 463744000000, ""gross_profit"": null, ""operating_profit"": 30129000000, ""disclosed_date"": ""2021-05-14"", ""fetched_at"": ""2026-03-02 12:46:54""}]"
1418|2021-02-28|FY,1418,2021-02-28,FY,2,"[{""ticker"": ""14180"", ""period"": ""2021-02-28"", ""quarter"": ""FY"", ""sales"": null, ""gross_profit"": null, ""operating_profit"": null, ""disclosed_date"": ""2021-03-30"", ""fetched_at"": ""2026-03-02 12:46:55""}, {""ticker"": ""14180"", ""period"": ""2021-02-28"", ""quarter"": ""FY"", ""sales"": 14823000000, ""gross_profit"": 3518209000, ""operating_profit"": 183000000, ""disclosed_date"": ""2021-04-13"", ""fetched_at"": ""2026-03-02 12:46:55""}]"
1418|2022-02-28|FY,1418,2022-02-28,FY,3,"[{""ticker"": ""14180"", ""period"": ""2022-02-28"", ""quarter"": ""FY"", ""sales"": null, ""gross_profit"": null, ""operating_profit"": null, ""disclosed_date"": ""2022-01-13"", ""fetched_at"": ""2026-03-02 12:46:55""}, {""ticker"": ""14180"", ""period"": ""2022-02-28"", ""quarter"": ""FY"", ""sales"": null, ""gross_profit"": null, ""operating_profit"": null, ""disclosed_date"": ""2022-03-29"", ""fetched_at"": ""2026-03-02 12:46:55""}, {""ticker"": ""14180"", ""period"": ""2022-02-28"", ""quarter"": ""FY"", ""sales"": 11794000000, ""gross_profit"": 2695572000, ""operating_profit"": 45000000, ""disclosed_date"": ""2022-04-13"", ""fetched_at"": ""2026-03-02 12:46:55""}]"
