ticker,period,quarter,comparison_key,column_name,sqlite_value_raw,sqlite_value_normalized,supabase_value_raw,supabase_value_normalized,difference_type
2986,2025-12-31,3Q,2986|2025-12-31|3Q,gross_profit,7970440000,7970.44,7970,7970,both_non_null_value_diff
6358,2025-03-31,3Q,6358|2025-03-31|3Q,gross_profit,5920974000,5920.974,5920,5920,both_non_null_value_diff
3928,2021-12-31,1Q,3928|2021-12-31|1Q,gross_profit,1245538000,1245.538,1245,1245,both_non_null_value_diff
9686,2023-03-31,FY,9686|2023-03-31|FY,gross_profit,5835499000,5835.499,5835,5835,both_non_null_value_diff
7607,2024-08-31,2Q,7607|2024-08-31|2Q,gross_profit,5750146000,5750.146,5750,5750,both_non_null_value_diff
3350,2023-12-31,1Q,3350|2023-12-31|1Q,gross_profit,45806000,45.806,45,45,both_non_null_value_diff
6721,2025-12-31,2Q,6721|2025-12-31|2Q,gross_profit,-14062000,-14.062,-15,-15,both_non_null_value_diff
5031,2025-01-31,FY,5031|2025-01-31|FY,gross_profit,3362237000,3362.237,3362,3362,both_non_null_value_diff
7980,2026-03-31,3Q,7980|2026-03-31|3Q,gross_profit,3110646000,3110.646,3110,3110,both_non_null_value_diff
245A0,2026-08-31,1Q,245A0|2026-08-31|1Q,gross_profit,1429728000,1429.728,1429,1429,both_non_null_value_diff
9799,2024-03-31,3Q,9799|2024-03-31|3Q,gross_profit,2312162000,2312.162,2312,2312,both_non_null_value_diff
9887,2025-03-31,FY,9887|2025-03-31|FY,gross_profit,98587489000,98587.489,98587,98587,both_non_null_value_diff
4413,2024-02-29,3Q,4413|2024-02-29|3Q,gross_profit,1985035000,1985.035,1985,1985,both_non_null_value_diff
4449,2021-12-31,2Q,4449|2021-12-31|2Q,gross_profit,1573913000,1573.913,1573,1573,both_non_null_value_diff
3494,2022-09-30,3Q,3494|2022-09-30|3Q,gross_profit,651897000,651.897,651,651,both_non_null_value_diff
3035,2025-08-20,1Q,3035|2025-08-20|1Q,gross_profit,1050503000,1050.503,1050,1050,both_non_null_value_diff
3541,2022-08-31,1Q,3541|2022-08-31|1Q,gross_profit,733248000,733.248,733,733,both_non_null_value_diff
3935,2026-02-28,3Q,3935|2026-02-28|3Q,gross_profit,2087249000,2087.249,2087,2087,both_non_null_value_diff
4284,2023-12-31,FY,4284|2023-12-31|FY,gross_profit,3757909000,3757.909,3757,3757,both_non_null_value_diff
3965,2022-09-30,3Q,3965|2022-09-30|3Q,gross_profit,572328000,572.328,572,572,both_non_null_value_diff
4888,2023-03-31,FY,4888|2023-03-31|FY,gross_profit,206944000,206.944,206,206,both_non_null_value_diff
6195,2021-06-30,FY,6195|2021-06-30|FY,gross_profit,-5841847000,-5841.847,-5842,-5842,both_non_null_value_diff
5900,2026-02-28,3Q,5900|2026-02-28|3Q,gross_profit,2575951000,2575.951,2575,2575,both_non_null_value_diff
2667,2026-09-30,1Q,2667|2026-09-30|1Q,gross_profit,51842000,51.842,51,51,both_non_null_value_diff
6494,2025-03-31,FY,6494|2025-03-31|FY,gross_profit,588985000,588.985,588,588,both_non_null_value_diff
7836,2022-03-31,FY,7836|2022-03-31|FY,gross_profit,632306000,632.306,632,632,both_non_null_value_diff
4199,2023-08-31,FY,4199|2023-08-31|FY,gross_profit,682740000,682.74,682,682,both_non_null_value_diff
4447,2023-09-30,3Q,4447|2023-09-30|3Q,gross_profit,423157000,423.157,423,423,both_non_null_value_diff
7367,2025-03-31,FY,7367|2025-03-31|FY,gross_profit,4226542000,4226.542,4226,4226,both_non_null_value_diff
9311,2025-03-31,1Q,9311|2025-03-31|1Q,gross_profit,1457090000,1457.09,1457,1457,both_non_null_value_diff
4055,2022-11-30,3Q,4055|2022-11-30|3Q,gross_profit,718072000,718.072,718,718,both_non_null_value_diff
4885,2022-05-31,3Q,4885|2022-05-31|3Q,gross_profit,1300140000,1300.14,1300,1300,both_non_null_value_diff
4582,2025-12-31,FY,4582|2025-12-31|FY,gross_profit,947339000,947.339,947,947,both_non_null_value_diff
2164,2023-08-31,1Q,2164|2023-08-31|1Q,gross_profit,527992000,527.992,527,527,both_non_null_value_diff
3845,2023-03-31,3Q,3845|2023-03-31|3Q,gross_profit,574269000,574.269,574,574,both_non_null_value_diff
7771,2024-03-31,FY,7771|2024-03-31|FY,gross_profit,1428940000,1428.94,1428,1428,both_non_null_value_diff
3843,2023-04-30,2Q,3843|2023-04-30|2Q,gross_profit,6562578000,6562.578,6562,6562,both_non_null_value_diff
2916,2025-03-31,3Q,2916|2025-03-31|3Q,gross_profit,3209460000,3209.46,3209,3209,both_non_null_value_diff
9233,2024-09-30,3Q,9233|2024-09-30|3Q,gross_profit,8634248000,8634.248,8634,8634,both_non_null_value_diff
8152,2023-03-31,3Q,8152|2023-03-31|3Q,gross_profit,3089516000,3089.516,3089,3089,both_non_null_value_diff
4166,2025-12-31,FY,4166|2025-12-31|FY,gross_profit,572111000,572.111,572,572,both_non_null_value_diff
4251,2025-12-31,3Q,4251|2025-12-31|3Q,gross_profit,6552629000,6552.629,6552,6552,both_non_null_value_diff
6904,2022-03-31,1Q,6904|2022-03-31|1Q,gross_profit,1792514000,1792.514,1792,1792,both_non_null_value_diff
4586,2025-12-31,1Q,4586|2025-12-31|1Q,gross_profit,1594000,1.594,1,1,both_non_null_value_diff
4262,2025-03-31,2Q,4262|2025-03-31|2Q,gross_profit,1519090000,1519.09,1519,1519,both_non_null_value_diff
2962,2025-06-30,FY,2962|2025-06-30|FY,gross_profit,130453000,130.453,130,130,both_non_null_value_diff
9537,2024-03-31,3Q,9537|2024-03-31|3Q,gross_profit,13691314000,13691.314,13691,13691,both_non_null_value_diff
3967,2022-02-28,3Q,3967|2022-02-28|3Q,gross_profit,955069000,955.069,955,955,both_non_null_value_diff
6307,2026-03-31,1Q,6307|2026-03-31|1Q,gross_profit,171350000,171.35,171,171,both_non_null_value_diff
3934,2022-03-31,1Q,3934|2022-03-31|1Q,gross_profit,1578680000,1578.68,1578,1578,both_non_null_value_diff
