ticker_code,filing_id,source_type,extraction_path,metric_name,segment_name,target_fiscal_year_end,target_quarter,target_period_type,value,source_basis,action,skipped_reason
0432,04329b041f42b57be022cd1b,order,A,orders_total,,2025-03-31,4Q,cumulative,13859.907,yoy,skipped,existing_value
0432,04329b041f42b57be022cd1b,order,A,backlog_total,,2025-03-31,4Q,point_in_time,5227.805,yoy,skipped,existing_value
0489,0489fbcfd8ec9397dca79ec3,order,A,orders_total,,2025-03-31,3Q,cumulative,275393.0,yoy,skipped,existing_value
0537,0537e177a334c6f6c7d52a47,order,A,backlog_total,,2025-03-31,3Q,point_in_time,7062.0,yoy,skipped,existing_value
0537,0537e177a334c6f6c7d52a47,order,A,backlog_total,,2025-03-31,4Q,point_in_time,9114.0,prev_period_end,skipped,existing_value
0537,0537e177a334c6f6c7d52a47,order,A,carryover_construction_total,,2025-03-31,3Q,point_in_time,7062.0,yoy,skipped,existing_value
0537,0537e177a334c6f6c7d52a47,order,A,carryover_construction_total,,2025-03-31,4Q,point_in_time,9114.0,prev_period_end,skipped,existing_value
0b24,0b24fc6ea5f16d4381cd61b4,order,A,orders_total,,2025-03-31,3Q,cumulative,54286.0,yoy,skipped,existing_value
0db7,0db716111c27e16423ae52a7,order,A,orders_total,,2025-01-31,4Q,cumulative,4052604.0,yoy,skipped,existing_value
0db7,0db716111c27e16423ae52a7,order,A,backlog_total,,2025-01-31,4Q,point_in_time,1754577.0,yoy,skipped,existing_value
15f9,15f908217c8f96c4dd37ba96,order,A,orders_total,,2025-03-31,3Q,cumulative,15763.0,yoy,skipped,existing_value
18f7,18f715f3f6662b4e6b226b84,order,A,orders_total,,2025-03-31,3Q,cumulative,311.0,yoy,skipped,existing_value
1a2b,1a2b29d1f117972e0aeb50e3,order,A,orders_total,,2025-03-31,1Q,cumulative,20191.0,yoy,inserted,
1a2b,1a2b29d1f117972e0aeb50e3,order,A,backlog_total,,2025-03-31,1Q,point_in_time,48596.0,yoy,inserted,
1a96,1a9656d08196d5146728bf05,order,A,backlog_total,,2025-03-31,3Q,point_in_time,140944.0,yoy_end,inserted,
1c2e,1c2eafbbdbac774f6ab4cf4f,order,A,orders_total,,2025-03-31,3Q,cumulative,5583.0,yoy,inserted,
1c64,1c64c4891d52f0b64b32f492,order,A,backlog_total,,2025-03-31,3Q,point_in_time,22857.293,yoy,inserted,
1c64,1c64c4891d52f0b64b32f492,order,A,carryover_construction_total,,2025-03-31,3Q,point_in_time,22857.293,yoy,inserted,
2315,23155da482250cfc442eb820,order,A,orders_total,,2025-03-31,4Q,point_in_time,10705.327,prev_period_end,inserted,
2315,23155da482250cfc442eb820,order,A,backlog_total,,2025-03-31,4Q,point_in_time,7087.069,prev_period_end,inserted,
2315,23155da482250cfc442eb820,order,A,carryover_construction_total,,2025-03-31,4Q,point_in_time,7087.069,prev_period_end,inserted,
2b01,2b01e7378fb9f99c93e30edd,order,A,orders_total,,2025-03-31,4Q,point_in_time,271146.0,prev_period_end,inserted,
2b01,2b01e7378fb9f99c93e30edd,order,A,backlog_total,,2025-03-31,3Q,point_in_time,222515.0,yoy,inserted,
2e2b,2e2bcd5425d8d7595e0fa397,order,A,orders_total,,2025-03-31,3Q,cumulative,209146.0,yoy,inserted,
2e2b,2e2bcd5425d8d7595e0fa397,order,A,backlog_total,,2025-03-31,3Q,point_in_time,110493.0,yoy,inserted,
2e2b,2e2bcd5425d8d7595e0fa397,order,A,carryover_construction_total,,2025-03-31,3Q,point_in_time,110493.0,yoy,inserted,
33a2,33a21a1c1e73d609938073ad,order,A,orders_total,,2025-09-30,1Q,cumulative,2878.0,yoy,inserted,
33a2,33a21a1c1e73d609938073ad,order,A,backlog_total,,2025-09-30,1Q,point_in_time,12475.0,yoy,inserted,
43f4,43f4c33b4ca9fdf7ad16e400,order,A,backlog_total,,2025-03-31,3Q,point_in_time,54754.162,yoy,inserted,
43f4,43f4c33b4ca9fdf7ad16e400,order,A,carryover_construction_total,,2025-03-31,3Q,point_in_time,54754.162,yoy,inserted,
4578,4578ad701eaa2b00ea24d225,order,A,orders_total,,2025-03-31,3Q,cumulative,150328.0,yoy,inserted,
5218,5218bb8b0b286420003a0e9c,order,A,backlog_total,,2025-03-31,3Q,point_in_time,352.0,yoy,inserted,
52fa,52fa7fc66ecc476a5b3ddc1d,order,A,orders_total,,2025-03-31,3Q,cumulative,16701.0,yoy,inserted,
55e3,55e35cd3ecd40fb02b8a9d17,order,A,backlog_total,,2025-03-31,2Q,point_in_time,2.025,yoy,inserted,
640f,640f79d8511a5e754d488443,order,A,backlog_total,,2025-03-31,4Q,point_in_time,52650.0,prev_period_end,inserted,
70da,70dae7d968ed2e668e5a4904,order,A,orders_total,,2025-03-31,3Q,cumulative,21.993,yoy,inserted,
71c7,71c721401d259e0c463d2b4c,order,A,orders_total,,2025-03-31,3Q,cumulative,78475.0,yoy,inserted,
8709,870957297aff1eac8b9547bb,order,A,carryover_construction_total,,2025-03-31,3Q,point_in_time,19040.703,yoy,inserted,
89a7,89a74292d13c04102a94b508,order,A,orders_total,,2025-03-31,3Q,cumulative,733.0,yoy,inserted,
93ef,93ef166ab44bd2c8c1d36ce2,order,A,backlog_total,,2025-03-31,3Q,point_in_time,58084.0,yoy,inserted,
9561,9561c6bf2174df4007adad91,order,A,backlog_total,,2025-03-31,3Q,point_in_time,141700.0,yoy,inserted,
9561,9561c6bf2174df4007adad91,order,A,carryover_construction_total,,2025-03-31,3Q,point_in_time,141700.0,yoy,inserted,
994e,994e0b9a9d1230fd23f7334a,order,A,orders_total,,2025-03-31,3Q,cumulative,8350.0,yoy,inserted,
994e,994e0b9a9d1230fd23f7334a,order,A,backlog_total,,2025-03-31,3Q,point_in_time,9922.0,yoy,inserted,
99ea,99eaaf53c27e60aaa90b9031,order,A,orders_total,,2025-03-31,3Q,cumulative,55241.0,yoy,inserted,
a0e4,a0e485887b56e4a03f5da84e,order,A,orders_total,,2025-03-31,3Q,cumulative,3839.321,yoy,inserted,
a23c,a23c448314eb9962689aca11,order,A,orders_total,,2025-03-31,3Q,cumulative,6531.0,yoy,inserted,
a26d,a26d0e8190b261fcbef20493,order,A,orders_total,,2025-03-31,3Q,cumulative,75253.0,yoy,inserted,
b482,b4823537c32bd57d48836d37,order,A,orders_total,,2025-03-31,3Q,cumulative,304917.0,yoy,inserted,
bb9d,bb9d37ee105eb4a2f06af5c5,order,A,backlog_total,,2025-03-31,4Q,point_in_time,3.808,prev_period_end,inserted,
bf24,bf2431a0e1a60b26d54bc4df,order,A,backlog_total,,2025-03-31,3Q,point_in_time,36344.402,yoy,inserted,
c1b4,c1b40986376f7835a4e3cf8c,order,A,orders_total,,2025-03-31,3Q,cumulative,79135.0,yoy,inserted,
c1b4,c1b40986376f7835a4e3cf8c,order,A,backlog_total,,2025-03-31,3Q,point_in_time,34538.0,yoy,inserted,
cda0,cda0df58e3ce5785c35f4d56,order,A,orders_total,,2025-03-31,3Q,cumulative,1930900.0,yoy,inserted,
cda0,cda0df58e3ce5785c35f4d56,order,A,backlog_total,,2025-03-31,3Q,point_in_time,26282000.0,yoy,inserted,
cda0,cda0df58e3ce5785c35f4d56,order,A,carryover_construction_total,,2025-03-31,3Q,point_in_time,26282000.0,yoy,inserted,
d1be,d1be7627ef9085b0499b69d5,order,A,orders_total,,2025-03-31,3Q,cumulative,24552.211,yoy,inserted,
d1be,d1be7627ef9085b0499b69d5,order,A,backlog_total,,2025-03-31,3Q,point_in_time,27415.647,yoy,inserted,
d5f5,d5f50883d131d690777f3d38,order,A,backlog_total,,2024-12-31,4Q,point_in_time,284179.0,prev_period_end,inserted,
6266,d7b4218797157450949ef31d,order,A,backlog_total,,2024-12-31,4Q,point_in_time,31148.044,prev_period_end,inserted,
de60,de60d860fdb44aa5464f73ae,order,A,backlog_total,,2025-03-31,3Q,point_in_time,22.064,yoy,inserted,
de60,de60d860fdb44aa5464f73ae,order,A,carryover_construction_total,,2025-03-31,3Q,point_in_time,22.064,yoy,inserted,
e26d,e26de9790ed48eb875dc6cf2,order,A,orders_total,,2025-03-31,3Q,cumulative,1793.0,yoy,inserted,
e8a7,e8a73179c3bb40b1c01c5393,order,A,orders_total,,2025-03-31,3Q,cumulative,6570.0,yoy,inserted,
eede,eede38268659c1e1df0efc9b,order,A,orders_total,,2025-03-31,3Q,cumulative,11.909,yoy,inserted,
f232,f232bf47d7c8e650e7262072,order,A,orders_total,,2025-03-31,3Q,cumulative,29776.0,yoy,inserted,
f232,f232bf47d7c8e650e7262072,order,A,orders_total,,2025-03-31,4Q,point_in_time,71441.0,prev_period_end,inserted,
f232,f232bf47d7c8e650e7262072,order,A,backlog_total,,2025-03-31,3Q,point_in_time,91627.0,yoy,inserted,
f232,f232bf47d7c8e650e7262072,order,A,backlog_total,,2025-03-31,4Q,point_in_time,112496.0,prev_period_end,inserted,
fe57,fe575d55e476a7be05bb08e3,order,A,orders_total,,2025-03-31,1Q,cumulative,5671.0,yoy,inserted,
fe57,fe575d55e476a7be05bb08e3,order,A,backlog_total,,2025-03-31,1Q,point_in_time,13687.0,yoy,inserted,
