ticker,period,quarter,total_rows,gp_nonnull_rows,gp_null_rows,latest_disclosed_date,latest_gross_profit,nonnull_disclosed_date,nonnull_gross_profit
13750,2023-03-31,FY,2,1,1,2023-05-12,,2023-05-11,10516000000
13750,2025-03-31,2Q,2,1,1,2024-11-25,,2024-11-07,5532000000
14350,2022-12-31,FY,2,1,1,2023-03-10,,2023-02-14,2949411000
14430,2021-03-31,FY,2,1,1,2021-06-01,,2021-05-20,2108857000
14460,2021-09-30,FY,2,1,1,2021-11-15,,2021-11-12,4073805000
14500,2025-03-31,1Q,2,1,1,2024-08-02,,2024-08-01,706528000
17200,2025-03-31,2Q,2,1,1,2024-11-26,,2024-11-07,9514000000
17680,2025-03-31,FY,2,1,1,2025-05-29,,2025-05-08,1438322000
17680,2026-03-31,3Q,2,1,1,2026-02-09,,2026-02-06,1910073000
17830,2021-09-30,FY,3,1,2,2021-12-07,,2021-11-12,1732930000
17880,2025-06-30,1Q,2,1,1,2024-12-02,181673000,2024-12-02,181673000
17980,2021-03-31,FY,2,1,1,2021-05-11,,2021-05-10,3339342000
18080,2024-03-31,FY,2,1,1,2024-05-13,,2024-05-10,160610000000
18220,2025-03-31,FY,2,1,1,2025-05-19,13136000000,2025-05-19,13136000000
18280,2022-03-31,FY,2,1,1,2022-05-27,,2022-05-13,6937398000
18280,2025-03-31,FY,2,1,1,2025-05-20,,2025-05-13,8727907000
18400,2022-10-31,FY,2,1,1,2022-12-16,,2022-12-15,8860861000
18480,2022-03-31,2Q,2,1,1,2021-11-15,,2021-11-12,2179000000
18500,2024-03-31,FY,2,1,1,2024-05-16,,2024-04-26,3785000000
18780,2024-03-31,3Q,2,1,1,2024-02-14,,2024-01-30,205371000000
19250,2021-03-31,FY,2,1,1,2021-05-17,,2021-05-14,826883000000
19590,2023-03-31,2Q,2,1,1,2022-11-08,,2022-10-26,23417000000
19600,2025-03-31,FY,3,2,1,2025-10-02,,2025-08-25,7779000000
19600,2026-03-31,1Q,2,1,1,2025-10-02,,2025-08-13,1512000000
20010,2022-03-31,FY,2,1,1,2022-05-16,,2022-05-13,74926000000
202A0,2025-03-31,2Q,2,1,1,2024-11-22,,2024-11-12,1731128000
21210,2021-03-31,FY,2,1,1,2021-08-10,,2021-05-07,93310000000
21340,2025-03-31,1Q,2,1,1,2024-11-14,,2024-08-14,79235000
21540,2023-06-30,FY,2,1,1,2023-08-22,,2023-08-10,38800000000
21680,2021-05-31,FY,2,1,1,2021-08-11,,2021-07-15,82969000000
21960,2021-03-31,FY,2,1,1,2021-09-03,,2021-05-17,5231795000
22080,2023-03-31,2Q,2,1,1,2022-10-31,,2022-10-28,9679000000
22150,2022-12-31,FY,2,1,1,2023-05-18,,2023-02-17,5734000000
22150,2023-12-31,1Q,2,1,1,2023-05-18,,2023-05-15,1499000000
22200,2026-03-31,1Q,2,1,1,2025-08-04,,2025-08-01,9673000000
22220,2021-03-31,FY,2,1,1,2021-05-14,,2021-05-13,11640332000
22220,2025-03-31,2Q,2,1,1,2025-01-17,,2024-11-05,20376000000
23010,2022-10-31,FY,2,1,1,2022-12-13,,2022-12-12,4506272000
23010,2024-10-31,2Q,2,1,1,2024-06-11,,2024-06-10,2498461000
23300,2024-12-31,1Q,2,1,1,2024-05-15,,2024-05-14,447931000
23350,2022-03-31,2Q,2,1,1,2021-11-08,,2021-11-04,1718270000
23450,2023-10-31,FY,3,2,1,2023-12-20,-204763000,2023-12-20,-204763000
23750,2023-10-31,FY,2,1,1,2023-12-12,,2023-12-11,6493755000
24040,2023-08-31,FY,2,1,1,2023-11-30,,2023-10-16,845747000
24040,2024-08-31,FY,2,1,1,2024-10-29,,2024-10-15,987528000
24280,2025-06-30,2Q,2,1,1,2025-02-14,,2025-01-31,1274963000
24290,2022-12-31,2Q,2,1,1,2022-08-16,,2022-08-09,15103000000
24370,2023-05-31,FY,2,1,1,2023-07-27,,2023-07-14,1789934000
24400,2025-03-31,1Q,2,1,1,2024-08-30,,2024-08-02,1983016000
24490,2021-08-31,FY,2,1,1,2021-10-27,,2021-10-15,1831448000
24540,2021-03-31,FY,2,1,1,2021-05-14,,2021-05-13,9363649000
24770,2022-06-30,FY,2,1,1,2022-08-04,,2022-07-29,1499879000
24800,2021-03-31,FY,2,1,1,2021-05-10,,2021-05-07,954738000
24840,2022-08-31,FY,2,1,1,2022-10-17,,2022-10-14,-1909540000
25850,2026-03-31,3Q,2,1,1,2026-02-17,,2026-02-12,18544000000
25970,2021-12-31,FY,2,1,1,2022-02-21,,2022-02-15,2396591000
26070,2024-03-31,FY,2,1,1,2024-05-27,,2024-05-09,82858000000
27760,2023-01-31,2Q,2,1,1,2022-12-21,,2022-09-14,70956000
28140,2024-03-31,2Q,2,1,1,2023-11-10,,2023-11-02,709937000
28150,2021-03-31,FY,2,1,1,2021-05-14,,2021-05-13,17255070000
28150,2022-03-31,FY,2,1,1,2022-09-16,,2022-05-12,18101969000
28150,2023-03-31,1Q,2,1,1,2022-09-16,,2022-08-05,4080172000
285A0,2026-03-31,1Q,2,1,1,2025-08-19,,2025-08-08,71179000000
28740,2025-09-30,2Q,2,1,1,2025-05-16,,2025-05-15,7701000000
28740,2025-09-30,FY,3,2,1,2025-12-19,14136000000,2025-12-19,14136000000
28830,2021-03-31,FY,2,1,1,2021-06-15,,2021-05-10,3848100000
29040,2023-06-30,FY,2,1,1,2023-11-21,,2023-08-04,5391319000
29100,2023-04-30,FY,2,1,1,2023-09-12,,2023-06-09,28425000000
29100,2024-04-30,1Q,2,1,1,2023-09-12,,2023-09-05,7252000000
29170,2025-09-30,FY,2,1,1,2025-11-14,,2025-11-13,1933174000
29260,2025-09-30,FY,2,1,1,2025-12-11,,2025-11-07,895551000
29270,2022-08-31,FY,2,1,1,2022-11-10,,2022-10-14,8578963000
29290,2023-07-31,FY,2,1,1,2023-10-23,,2023-09-11,55279000000
29320,2024-12-31,FY,2,1,1,2025-02-17,,2025-02-13,9953365000
29610,2023-09-30,1Q,2,1,1,2023-02-16,,2023-02-14,542586000
30100,2021-03-31,FY,2,1,1,2021-06-02,,2021-05-14,2684536000
30240,2025-03-31,2Q,2,1,1,2024-11-27,,2024-11-07,3012450000
30340,2025-03-31,FY,2,1,1,2025-05-28,,2025-05-09,39056000000
30360,2021-03-31,FY,2,1,1,2021-05-27,,2021-05-25,18571000000
30380,2025-10-31,FY,2,1,1,2026-01-30,,2025-12-12,66466000000
30540,2021-12-31,FY,2,1,1,2022-05-17,,2022-05-16,2852265000
30540,2022-12-31,3Q,2,1,1,2022-11-16,,2022-11-14,2170204000
30540,2022-12-31,FY,2,1,1,2023-02-15,,2023-02-14,2908996000
30540,2023-12-31,1Q,2,1,1,2023-11-14,,2023-05-15,902706000
30540,2023-12-31,2Q,2,1,1,2023-11-14,,2023-08-10,1671062000
30760,2024-06-30,FY,2,1,1,2024-10-31,,2024-08-19,24779000000
30820,2021-06-30,3Q,2,1,1,2021-05-11,,2021-05-10,3303677000
30910,2024-12-31,3Q,2,1,1,2024-10-21,,2024-10-18,13446104000
31380,2024-12-31,3Q,2,1,1,2024-11-15,,2024-11-14,1241823000
31510,2022-03-31,FY,2,1,1,2022-05-23,,2022-05-12,43976000000
31510,2023-03-31,FY,2,1,1,2023-05-22,,2023-05-12,44963000000
31510,2024-03-31,FY,2,1,1,2024-05-14,,2024-05-13,48301000000
31560,2022-03-31,FY,3,2,1,2022-07-29,30183000000,2022-07-29,30183000000
31560,2024-03-31,2Q,2,1,1,2024-02-13,,2023-11-14,22019000000
31790,2022-03-31,FY,2,1,1,2022-05-12,,2022-05-11,8035130000
31790,2026-03-31,2Q,2,1,1,2025-11-18,4456292000,2025-11-18,4456292000
31820,2025-03-31,FY,2,1,1,2025-05-29,,2025-05-15,75210000000
31980,2024-02-29,FY,2,1,1,2024-05-21,,2024-04-12,20672901000
32050,2023-03-31,FY,2,1,1,2023-05-18,,2023-05-12,14317000000
32370,2024-03-31,1Q,2,1,1,2023-08-23,,2023-08-09,158433000
32930,2023-03-31,FY,2,1,1,2023-06-29,,2023-05-15,4643863000
32940,2024-03-31,FY,2,1,1,2024-06-26,,2024-05-10,4470327000
33580,2023-03-31,FY,2,1,1,2023-07-20,,2023-05-15,716831000
33580,2024-03-31,FY,2,1,1,2024-07-02,,2024-05-15,719334000
33820,2024-02-29,FY,2,1,1,2024-04-12,,2024-04-10,1789551000000
33820,2025-02-28,FY,2,1,1,2025-04-14,,2025-04-09,1856482000000
34010,2022-03-31,FY,2,1,1,2022-06-13,,2022-05-12,271022000000
34160,2021-12-31,FY,2,1,1,2022-02-17,,2022-02-14,1805349000
34340,2023-03-31,FY,3,1,2,2023-06-14,,2023-05-11,8562000000
34340,2024-03-31,2Q,2,1,1,2023-11-22,,2023-11-10,5132000000
34430,2025-03-31,1Q,2,1,1,2024-08-19,,2024-08-09,5406000000
34450,2023-12-31,2Q,2,1,1,2023-09-25,,2023-08-10,9045332000
34540,2024-11-30,2Q,2,1,1,2024-07-10,,2024-07-09,1765172000
34570,2022-06-30,FY,2,1,1,2022-08-16,,2022-08-15,13784375000
35430,2022-02-28,FY,2,1,1,2022-04-14,,2022-04-13,12044000000
35460,2021-02-28,FY,2,1,1,2021-04-13,,2021-04-12,49719796000
35470,2021-11-30,2Q,2,1,1,2021-08-02,,2021-07-15,1392650000
35580,2023-02-28,FY,2,1,1,2024-04-16,,2023-04-14,8353695000
36070,2025-08-31,FY,2,1,1,2025-10-22,,2025-10-01,10578315000
36110,2025-03-31,FY,2,1,1,2025-05-14,,2025-05-13,6588000000
36120,2023-03-31,FY,2,1,1,2023-05-09,,2023-05-08,123936000000
36450,2021-05-31,FY,2,1,1,2021-07-15,,2021-07-14,1178158000
36700,2021-02-28,FY,2,1,1,2021-05-17,,2021-04-14,1750540000
36710,2025-12-31,2Q,2,1,1,2025-12-18,,2025-08-12,912034000
36710,2025-12-31,3Q,2,1,1,2025-12-18,,2025-11-11,1314804000
36830,2021-12-31,FY,2,1,1,2022-03-25,,2022-02-14,3771204000
36900,2023-09-30,FY,2,1,1,2023-11-22,,2023-11-06,2169143000
37190,2025-12-31,3Q,2,1,1,2025-12-11,,2025-11-14,606401000
37990,2024-03-31,FY,2,1,1,2024-05-15,,2024-05-14,3836269000
38030,2024-03-31,FY,2,1,1,2024-05-29,,2024-05-15,149192000
38070,2021-12-31,FY,2,1,1,2022-03-16,,2022-02-21,742259000
38400,2021-03-31,FY,2,1,1,2021-05-20,,2021-05-14,1071939000
38400,2022-03-31,1Q,2,1,1,2021-08-17,,2021-08-13,283155000
38400,2022-03-31,FY,2,1,1,2022-06-15,,2022-05-13,1097636000
38560,2024-06-30,2Q,2,1,1,2024-03-15,,2024-03-14,18704000000
39000,2021-09-30,FY,2,1,1,2021-12-13,,2021-11-15,3484454000
39000,2024-09-30,3Q,2,1,1,2024-08-22,,2024-08-02,5693015000
39070,2025-11-30,FY,2,1,1,2026-01-21,,2026-01-14,1890000000
39210,2022-01-31,2Q,2,1,1,2021-09-15,,2021-09-14,1473794000
39340,2022-03-31,FY,2,1,1,2022-05-30,,2022-05-10,6453151000
39340,2024-03-31,FY,2,1,1,2024-06-20,,2024-05-10,7355372000
39370,2025-03-31,FY,2,1,1,2025-05-09,,2025-05-08,2510959000
39500,2023-12-31,2Q,2,1,1,2023-08-08,,2023-08-07,11291000000
39680,2024-12-31,FY,3,2,1,2025-09-25,4592455000,2025-09-25,4592455000
39700,2023-03-31,FY,2,1,1,2023-06-28,,2023-05-15,2013323000
39790,2022-03-31,FY,2,1,1,2022-06-24,,2022-05-13,2839536000
39880,2024-07-31,FY,2,1,1,2024-10-08,,2024-09-13,2788290000
39920,2022-09-30,1Q,2,1,1,2022-08-09,,2022-02-10,373759000
39920,2022-09-30,2Q,2,1,1,2022-08-09,,2022-05-12,764837000
39920,2022-09-30,3Q,2,1,1,2022-08-09,,2022-08-05,1188260000
39920,2024-09-30,2Q,2,1,1,2024-08-26,,2024-05-09,1139837000
39920,2024-09-30,3Q,2,1,1,2024-08-26,,2024-08-08,1641744000
39970,2025-12-31,2Q,2,1,1,2025-08-13,,2025-08-08,426233000
40170,2025-02-28,FY,2,1,1,2025-05-09,,2025-04-10,1959416000
40200,2022-12-31,2Q,2,1,1,2022-09-21,,2022-08-15,284079000
40440,2023-03-31,FY,2,1,1,2023-05-24,,2023-05-11,42966000000
41720,2021-09-30,FY,2,1,1,2021-12-13,,2021-11-12,1783795000
41770,2023-03-31,FY,2,1,1,2023-06-02,,2023-05-15,3264122000
41770,2025-03-31,3Q,2,1,1,2025-03-05,,2025-02-14,3270044000
41790,2022-03-31,3Q,2,1,1,2022-02-16,,2022-02-10,118871000
41830,2024-03-31,3Q,2,1,1,2024-02-08,,2024-02-07,269856000000
41960,2024-09-30,FY,2,1,1,2024-11-20,,2024-11-13,953865000
42060,2025-03-31,1Q,3,2,1,2025-06-20,,2024-08-08,15415000000
42060,2025-03-31,3Q,2,1,1,2025-06-20,,2025-01-31,50241000000
42060,2025-03-31,FY,2,1,1,2025-06-20,,2025-05-01,67906000000
42280,2023-03-31,FY,2,1,1,2023-05-19,,2023-04-28,24611000000
42400,2022-03-31,1Q,2,1,1,2022-01-21,,2021-08-12,91725000
42400,2022-03-31,2Q,2,1,1,2022-01-21,,2021-11-12,191016000
42400,2022-03-31,FY,2,1,1,2022-08-10,,2022-05-13,383118000
42480,2022-12-31,FY,2,1,1,2023-02-13,,2023-02-06,4107871000
42560,2025-03-31,FY,2,1,1,2025-05-29,,2025-05-15,1743524000
42590,2023-03-31,2Q,2,1,1,2023-02-20,,2022-11-09,1490000000
42590,2023-03-31,3Q,2,1,1,2023-02-20,,2023-02-14,2231000000
42620,2025-03-31,FY,2,1,1,2025-05-26,,2025-05-07,3497254000
42900,2023-03-31,1Q,2,1,1,2022-08-02,,2022-07-29,3094173000
43310,2025-03-31,FY,3,2,1,2025-07-28,,2025-06-20,31829000000
43340,2021-01-31,FY,2,1,1,2021-04-13,,2021-03-12,544954000
43350,2024-06-30,FY,2,1,1,2024-08-13,,2024-08-09,952581000
43610,2024-11-30,1Q,2,1,1,2024-04-09,,2024-04-03,358050000
43820,2022-04-30,FY,2,1,1,2022-06-13,,2022-06-10,558988000
44170,2022-03-31,FY,2,1,1,2022-05-17,,2022-05-13,1360269000
44190,2026-03-31,3Q,2,1,1,2026-02-19,,2026-02-10,4891056000
44210,2021-09-30,FY,2,1,1,2021-12-03,,2021-11-12,939490000
44360,2024-03-31,FY,2,1,1,2024-05-31,,2024-05-20,4204371000
44370,2024-03-31,FY,2,1,1,2024-05-31,,2024-05-15,2058280000
44420,2021-03-31,FY,2,1,1,2021-06-03,,2021-05-14,1432601000
44430,2024-05-31,FY,2,1,1,2024-08-28,,2024-07-11,28814000000
44430,2025-05-31,FY,2,1,1,2025-07-18,37410000000,2025-07-18,37410000000
44630,2023-12-31,FY,2,1,1,2024-03-13,,2024-02-13,16516000000
44870,2024-12-31,1Q,2,1,1,2024-05-16,,2024-05-15,351951000
45120,2024-03-31,FY,2,1,1,2024-06-04,,2024-05-15,3599724000
45830,2022-12-31,FY,2,1,1,2023-03-28,,2023-02-14,348858000
46150,2024-03-31,FY,2,1,1,2024-05-14,,2024-05-13,2940000000
46170,2023-03-31,1Q,2,1,1,2022-08-05,,2022-07-29,4464000000
46350,2023-03-31,2Q,2,1,1,2023-02-08,,2022-11-08,2718000000
46890,2023-03-31,2Q,2,1,1,2023-02-02,,2022-11-02,538976000000
46890,2023-03-31,FY,2,1,1,2023-05-02,,2023-04-28,1161246000000
47090,2024-03-31,FY,2,1,1,2024-05-14,,2024-04-30,7153648000
47200,2024-03-31,1Q,2,1,1,2023-08-15,,2023-08-10,231759000
47280,2021-08-31,3Q,2,1,1,2021-07-09,,2021-07-08,793501000
47280,2024-08-31,FY,2,1,1,2025-01-15,,2024-10-10,517671000
47620,2022-03-31,2Q,2,1,1,2021-11-05,,2021-10-29,663427000
47720,2021-12-31,FY,3,2,1,2022-03-14,1040823000,2022-03-14,1040823000
48260,2023-06-30,1Q,2,1,1,2022-11-01,,2022-10-28,1099655000
48280,2021-03-31,FY,2,1,1,2021-08-05,,2021-05-13,5564975000
48820,2025-03-31,1Q,2,1,1,2024-08-26,,2024-08-14,20208000
48880,2024-03-31,2Q,2,1,1,2023-11-24,,2023-11-09,123072000
49180,2025-03-31,2Q,2,1,1,2025-02-10,,2024-11-12,1009588000
49180,2025-03-31,FY,2,1,1,2025-08-05,,2025-05-14,2065186000
49260,2025-03-31,2Q,2,1,1,2024-11-07,,2024-11-06,3240111000
49340,2021-07-31,FY,2,1,1,2021-12-14,,2021-09-14,26432443000
49580,2021-09-30,2Q,2,1,1,2021-05-27,,2021-05-07,10553000000
49580,2024-09-30,FY,2,1,1,2025-03-03,,2024-11-08,29643000000
49580,2025-09-30,1Q,2,1,1,2025-03-03,,2025-02-07,7416000000
49660,2024-03-31,1Q,2,1,1,2023-08-10,,2023-08-09,5490168000
49740,2022-03-31,1Q,2,1,1,2021-08-06,,2021-08-03,13138000000
50100,2024-12-31,2Q,2,1,1,2024-09-18,,2024-08-14,2308000000
50270,2025-12-31,2Q,2,1,1,2025-10-31,,2025-08-14,10003000000
50320,2022-04-30,FY,2,1,1,2022-10-28,,2022-06-14,5984334000
50710,2023-03-31,FY,2,1,1,2023-05-23,,2023-05-12,3459531000
51210,2025-03-31,FY,2,1,1,2025-05-29,,2025-05-12,12852232000
51920,2024-03-31,FY,2,1,1,2024-05-23,,2024-05-14,25555000000
52010,2021-12-31,FY,2,1,1,2022-03-09,,2022-02-08,513000000000
52010,2023-12-31,FY,2,1,1,2024-02-22,,2024-02-07,481357000000
52330,2025-03-31,1Q,2,1,1,2024-09-06,,2024-08-08,45374000000
52330,2025-03-31,FY,2,1,1,2025-05-28,,2025-05-13,217089000000
53370,2025-12-31,FY,2,1,1,2026-02-26,,2026-02-13,1461000000
53630,2021-03-31,FY,2,1,1,2021-05-19,,2021-05-18,5893761000
54080,2025-03-31,2Q,2,1,1,2024-11-07,,2024-11-06,11581000000
54490,2021-03-31,FY,2,1,1,2021-06-02,,2021-04-28,8114000000
55320,2024-09-30,FY,2,1,1,2025-03-25,,2024-10-29,1292301000
55320,2025-09-30,1Q,2,1,1,2025-03-25,,2025-01-28,406085000
55630,2025-12-31,2Q,2,1,1,2025-08-08,,2025-08-05,5566000000
56030,2021-03-31,FY,2,1,1,2021-05-11,,2021-05-10,2649000000
56090,2025-03-31,FY,2,1,1,2025-05-16,,2025-04-25,2031000000
56310,2022-03-31,FY,2,1,1,2022-05-25,,2022-05-11,47816000000
57210,2021-03-31,FY,2,1,1,2021-05-17,,2021-05-14,180487000
58190,2021-12-31,2Q,2,1,1,2021-09-06,,2021-07-28,1872503000
58190,2023-12-31,FY,2,1,1,2024-02-13,,2024-01-26,5411622000
58560,2024-03-31,FY,2,1,1,2024-08-14,,2024-05-14,2819015000
58850,2024-05-31,FY,2,1,1,2024-08-29,,2024-07-12,1030120000
59050,2024-03-31,2Q,2,1,1,2023-11-10,,2023-10-31,894029000
59280,2022-03-31,3Q,2,1,1,2022-02-01,,2022-01-31,1495333000
59400,2025-03-31,2Q,2,1,1,2024-12-02,6650000000,2024-12-02,6650000000
59470,2024-03-31,FY,2,1,1,2024-05-30,,2024-05-09,137842000000
59650,2022-12-31,2Q,2,1,1,2022-09-13,,2022-08-10,5377481000
59700,2023-03-31,FY,2,1,1,2023-05-30,,2023-05-12,27778000000
59710,2021-04-30,FY,2,1,1,2021-07-06,,2021-06-11,1627774000
59730,2022-03-31,FY,2,1,1,2022-05-27,,2022-05-11,1950863000
60300,2023-06-30,1Q,2,1,1,2022-11-14,,2022-11-11,4097783000
60360,2022-06-30,FY,2,1,1,2022-08-12,,2022-08-10,11636184000
60850,2025-03-31,FY,2,1,1,2025-05-28,,2025-05-15,606713000
61010,2022-03-31,FY,2,1,1,2023-04-21,,2022-05-12,28180000000
61490,2023-12-31,2Q,2,1,1,2023-08-17,,2023-08-10,2603480000
61730,2021-02-28,FY,2,1,1,2021-04-16,,2021-04-14,2587782000
61730,2023-02-28,2Q,2,1,1,2022-10-28,,2022-10-14,1004839000
61860,2021-03-31,FY,2,1,1,2021-05-24,,2021-05-14,8234790000
62090,2024-03-31,3Q,2,1,1,2024-02-22,,2024-02-14,20013000000
62230,2023-12-31,FY,2,1,1,2024-03-29,,2024-02-14,11168000000
62270,2023-06-30,FY,3,2,1,2023-08-30,3174491000,2023-08-30,3174491000
62370,2023-03-31,2Q,2,1,1,2022-11-22,,2022-11-14,5972809000
62650,2024-12-31,1Q,2,1,1,2024-08-06,,2024-05-15,220015000
62760,2021-12-31,FY,2,1,1,2022-02-25,,2022-02-15,1727159000
62870,2024-03-31,FY,2,1,1,2024-05-16,,2024-05-15,59117000000
62910,2022-12-31,FY,2,1,1,2023-03-31,,2023-02-14,3235644000
62910,2023-12-31,FY,2,1,1,2024-03-28,,2024-02-14,3091717000
63050,2022-03-31,FY,2,1,1,2022-05-23,,2022-04-27,279988000000
63050,2023-03-31,1Q,2,1,1,2022-07-29,,2022-07-28,73609000000
63100,2022-12-31,FY,2,1,1,2023-03-02,,2023-02-14,49890000000
63170,2021-03-31,FY,2,1,1,2021-06-17,,2021-05-14,6495000000
63340,2024-03-31,2Q,2,1,1,2023-11-14,,2023-11-13,161361000
63390,2025-03-31,FY,2,1,1,2025-05-19,,2025-05-12,42714000000
63760,2022-12-31,FY,2,1,1,2023-02-27,,2023-02-14,45644000000
63760,2023-12-31,FY,2,1,1,2024-02-22,,2024-02-14,50963000000
64400,2023-12-31,3Q,2,1,1,2023-11-07,,2023-11-06,17428000000
64550,2026-03-31,2Q,2,1,1,2025-11-01,,2025-10-31,13903000000
64570,2021-03-31,FY,3,2,1,2022-03-15,,2022-03-14,85460000000
64570,2022-03-31,1Q,3,2,1,2022-03-15,,2022-03-14,20326000000
64570,2022-03-31,2Q,3,2,1,2022-03-15,,2022-03-14,42600000000
64640,2022-12-31,FY,2,1,1,2023-02-22,,2023-02-20,7759000000
64710,2022-03-31,FY,2,1,1,2022-06-28,,2022-05-10,169726000000
64920,2024-11-30,FY,2,1,1,2025-01-15,,2025-01-10,2632000000
65230,2025-03-31,FY,2,1,1,2025-07-23,,2025-05-13,166224000000
65390,2023-03-31,FY,3,2,1,2023-06-28,4292641000,2023-06-28,4292641000
65400,2024-12-31,3Q,2,1,1,2025-01-10,,2024-11-14,3725377000
65450,2023-03-31,FY,2,1,1,2023-05-24,,2023-05-15,1649204000
65470,2022-06-30,FY,2,1,1,2022-08-29,,2022-08-12,2429730000
65510,2023-09-30,FY,3,2,1,2023-12-05,,2023-12-01,6651040000
65520,2023-05-31,FY,2,1,1,2023-07-13,,2023-07-12,1662352000
65610,2022-12-31,3Q,2,1,1,2022-11-29,,2022-11-14,859002000
65620,2021-03-31,FY,2,1,1,2021-06-30,,2021-05-14,2608387000
65630,2021-09-30,3Q,2,1,1,2021-08-20,,2021-08-13,928971000
65630,2023-09-30,1Q,2,1,1,2023-11-14,,2023-02-14,482357000
65630,2023-09-30,2Q,2,1,1,2023-11-14,,2023-05-12,1058404000
65630,2023-09-30,3Q,2,1,1,2023-11-14,,2023-08-14,1563063000
65650,2022-03-31,FY,2,1,1,2022-05-31,,2022-05-10,1358928000
65720,2022-02-28,FY,2,1,1,2022-04-15,,2022-04-14,3696590000
65720,2023-02-28,3Q,2,1,1,2023-03-13,,2023-01-13,2723644000
65730,2020-12-31,FY,3,1,2,2021-07-15,,2021-07-14,319250000
65840,2023-03-31,FY,2,1,1,2023-06-05,,2023-05-12,14798000000
65860,2024-03-31,FY,2,1,1,2024-05-30,,2024-04-26,223945000000
65990,2023-03-31,FY,2,1,1,2023-06-19,,2023-05-12,1046388000
66140,2022-03-31,1Q,2,1,1,2021-11-11,,2021-08-11,285378000
66170,2021-03-31,FY,2,1,1,2021-05-06,,2021-04-30,19129000000
66320,2022-03-31,FY,2,1,1,2022-05-13,,2022-04-27,75790000000
66590,2022-03-31,3Q,2,1,1,2022-01-28,,2022-01-27,847906000
66640,2024-11-30,FY,2,1,1,2025-01-23,,2025-01-10,2482144000
66770,2021-09-30,FY,2,1,1,2021-11-09,,2021-11-08,3870250000
66940,2021-12-31,1Q,2,1,1,2021-05-14,,2021-05-13,1248086000
66990,2023-03-31,FY,2,1,1,2023-05-24,,2023-05-12,11248000000
67030,2023-03-31,3Q,2,1,1,2023-02-10,,2023-02-09,58208000000
67070,2024-03-31,FY,2,1,1,2024-05-28,,2024-05-10,86885000000
67360,2022-03-31,2Q,2,1,1,2021-11-16,,2021-11-15,11659377000
67620,2022-03-31,FY,3,1,2,2022-06-24,563848000000,2022-06-24,563848000000
67710,2021-03-31,FY,2,1,1,2021-08-12,,2021-05-13,5947000000
67940,2023-03-31,2Q,2,1,1,2022-11-21,,2022-11-14,7256000000
68220,2021-03-31,FY,2,1,1,2021-07-27,,2021-05-12,4930755000
68440,2021-03-31,FY,2,1,1,2021-05-14,,2021-05-12,11419000000
68440,2024-03-31,FY,2,1,1,2024-05-15,,2024-05-14,15047000000
68620,2021-03-31,FY,3,2,1,2021-05-26,2666567000,2021-05-26,2666567000
68620,2022-03-31,2Q,2,1,1,2021-11-12,,2021-11-10,1989329000
68640,2023-03-31,FY,2,1,1,2023-06-06,,2023-05-12,3206225000
69550,2021-03-31,FY,2,1,1,2021-05-27,,2021-04-27,11423000000
70130,2024-03-31,FY,3,1,2,2024-05-22,,2024-05-08,144855000000
70330,2023-10-31,FY,2,1,1,2023-12-20,,2023-12-14,6337734000
70370,2022-12-31,FY,2,1,1,2023-02-24,,2023-02-14,1744000000
70420,2023-03-31,FY,2,1,1,2023-08-25,,2023-05-15,771441000
70570,2022-03-31,2Q,2,1,1,2022-02-25,,2021-11-12,916540000
70570,2022-03-31,3Q,2,1,1,2022-02-25,,2022-02-14,1495781000
70570,2023-03-31,FY,2,1,1,2023-05-19,,2023-05-12,2358459000
70590,2022-03-31,FY,2,1,1,2022-06-24,,2022-05-13,4844839000
70620,2022-03-31,FY,2,1,1,2022-05-20,,2022-05-13,2078842000
70660,2023-09-30,1Q,2,1,1,2023-02-14,,2023-02-13,380516000
70690,2024-09-30,FY,2,1,1,2024-11-29,,2024-11-13,2901347000
70810,2024-12-31,FY,2,1,1,2025-02-21,,2025-02-13,12622825000
71100,2022-07-31,FY,2,1,1,2023-03-15,,2022-09-14,2261968000
71100,2023-07-31,1Q,2,1,1,2023-03-15,,2022-12-14,660045000
71200,2025-03-31,FY,2,1,1,2025-07-08,,2025-05-14,4023332000
71300,2025-03-31,FY,2,1,1,2025-05-23,125737000000,2025-05-23,125737000000
71720,2023-12-31,2Q,2,1,1,2023-08-01,,2023-07-31,6618000000
72030,2021-03-31,FY,2,1,1,2021-05-31,,2021-05-12,6014704000000
72130,2025-03-31,FY,2,1,1,2025-06-03,,2025-05-09,8631683000
72190,2023-08-31,1Q,2,1,1,2023-03-01,,2023-01-13,897000000
72540,2024-03-31,3Q,2,1,1,2024-02-14,,2024-02-13,6714774000
72640,2023-03-31,FY,2,1,1,2023-06-21,,2023-05-12,3355225000
72650,2021-10-31,3Q,2,1,1,2021-09-06,,2021-09-03,1033756000
72830,2021-03-31,FY,2,1,1,2021-04-28,,2021-04-27,20462000000
73050,2024-03-31,FY,2,1,1,2024-06-13,,2024-05-14,7810000000
73620,2024-12-31,FY,2,1,1,2025-02-17,,2025-02-14,664674000
73630,2022-12-31,3Q,2,1,1,2022-11-15,,2022-11-14,547157000
73670,2025-03-31,2Q,2,1,1,2024-12-05,,2024-11-12,1869195000
73690,2021-06-30,FY,2,1,1,2021-08-12,,2021-08-11,1530163000
73700,2022-05-31,FY,2,1,1,2022-08-24,,2022-07-13,2517522000
73710,2023-06-30,FY,2,1,1,2023-08-14,,2023-08-10,3649017000
73770,2022-06-30,FY,2,1,1,2022-08-19,,2022-08-10,9628868000
73770,2023-06-30,FY,2,1,1,2023-08-14,,2023-08-10,10018235000
73770,2025-06-30,FY,2,1,1,2025-08-21,,2025-08-08,12018937000
73990,2022-03-31,FY,2,1,1,2022-07-26,,2022-05-12,2205365000
74420,2021-03-31,FY,2,1,1,2021-05-14,,2021-05-13,9761764000
74550,2025-03-31,FY,2,1,1,2025-05-29,,2025-05-14,34544000000
74630,2023-03-31,FY,2,1,1,2023-06-08,,2023-04-05,8571952000
74670,2022-03-31,FY,2,1,1,2022-05-27,,2022-05-13,14612000000
74870,2021-05-31,FY,2,1,1,2021-08-23,,2021-07-14,5657555000
75060,2023-03-31,FY,2,1,1,2024-03-27,,2023-05-15,8508726000
75060,2024-03-31,1Q,2,1,1,2024-03-27,,2023-08-04,1907003000
75060,2024-03-31,2Q,2,1,1,2024-03-27,,2023-11-06,4149224000
75060,2024-03-31,3Q,2,1,1,2024-03-27,,2024-02-05,6411066000
75230,2021-03-31,FY,2,1,1,2021-06-09,,2021-05-14,5107968000
75240,2024-03-31,FY,2,1,1,2024-08-20,,2024-05-13,2768202000
75240,2025-03-31,1Q,2,1,1,2024-08-20,,2024-08-13,670179000
75250,2024-03-31,3Q,2,1,1,2024-02-27,,2024-02-09,9347106000
75610,2021-03-31,FY,2,1,1,2021-05-21,,2021-05-12,9730000000
75670,2024-03-31,FY,2,1,1,2024-05-15,,2024-05-14,1234057000
75780,2021-03-31,FY,2,1,1,2021-08-12,,2021-05-14,1826034000
76030,2026-02-28,3Q,2,1,1,2026-01-13,,2026-01-09,3825000000
76090,2025-12-31,FY,2,1,1,2026-02-06,,2026-02-05,20978666000
76150,2023-03-31,FY,2,1,1,2023-05-24,,2023-05-10,5170771000
76360,2023-06-30,FY,2,1,1,2023-08-14,,2023-08-10,10007000000
76490,2025-02-28,3Q,3,2,1,2025-04-10,195440000000,2025-04-10,195440000000
76740,2024-01-31,FY,2,1,1,2024-06-14,,2024-03-14,5202948000
76780,2022-03-31,1Q,2,1,1,2021-12-29,,2021-08-11,660300000
76780,2022-03-31,FY,2,1,1,2022-06-24,,2022-05-12,3067381000
77190,2025-02-28,FY,2,1,1,2025-05-28,,2025-04-14,1195718000
77300,2025-08-31,FY,3,2,1,2025-10-23,,2025-10-20,19317000000
77390,2025-12-31,FY,2,1,1,2026-02-10,,2026-01-28,18965000000
77520,2024-03-31,FY,2,1,1,2024-05-14,,2024-05-07,820098000000
77620,2024-03-31,FY,2,1,1,2024-05-16,,2024-05-13,131383000000
77930,2024-12-31,FY,2,1,1,2025-03-28,,2025-02-14,2960268000
77940,2023-03-31,1Q,2,1,1,2022-08-17,,2022-08-12,370540000
78100,2023-07-31,FY,2,1,1,2023-09-29,,2023-09-14,874553000
78180,2021-08-31,FY,2,1,1,2021-10-26,,2021-10-14,6650050000
78190,2025-09-30,FY,2,1,1,2025-12-10,,2025-11-12,7064156000
78310,2024-10-31,3Q,2,1,1,2024-12-16,,2024-09-17,1226000000
78310,2025-10-31,FY,2,1,1,2025-12-22,,2025-12-12,1209000000
78590,2021-03-31,FY,2,1,1,2021-06-16,,2021-05-14,798100000
78680,2021-03-31,FY,2,1,1,2021-11-08,,2021-05-14,8856000000
78680,2022-03-31,1Q,2,1,1,2021-11-08,,2021-08-06,1994000000
79180,2022-03-31,1Q,2,1,1,2022-05-13,,2021-08-11,1415000000
79180,2022-03-31,2Q,2,1,1,2022-05-13,,2021-11-10,2630000000
79180,2022-03-31,3Q,2,1,1,2022-05-13,,2022-02-09,5081000000
79220,2022-03-31,FY,2,1,1,2022-05-24,,2022-05-16,1817975000
79400,2021-03-31,FY,2,1,1,2021-06-01,,2021-05-13,7163291000
79460,2025-03-31,1Q,2,1,1,2024-08-29,,2024-08-09,235618000
79720,2023-12-31,2Q,2,1,1,2023-08-08,,2023-08-07,27019000000
79840,2022-12-31,3Q,2,1,1,2022-12-20,,2022-11-14,87246000000
80120,2022-03-31,1Q,2,1,1,2021-08-11,,2021-08-04,34589000000
80610,2023-03-31,FY,2,1,1,2023-05-19,,2023-05-12,19941000000
81050,2026-03-31,2Q,2,1,1,2025-11-11,,2025-11-10,475615000
81070,2025-03-31,1Q,2,1,1,2024-08-09,,2024-08-07,148000000
81110,2023-03-31,FY,2,1,1,2023-05-23,,2023-05-12,60035000000
81150,2023-03-31,FY,2,1,1,2023-06-05,,2023-05-15,3700924000
81660,2025-02-28,FY,2,1,1,2025-04-28,,2025-04-09,5883397000
82000,2021-02-28,FY,2,1,1,2021-07-14,,2021-04-14,20284741000
82030,2023-02-28,2Q,2,1,1,2022-10-17,,2022-10-14,14199000000
82090,2022-03-31,FY,2,1,1,2022-06-03,,2022-05-13,1283040000
82140,2023-03-31,FY,3,2,1,2024-05-10,76929000000,2024-05-10,76929000000
82250,2021-03-31,FY,2,1,1,2021-05-17,,2021-05-13,1116684000
82440,2023-02-28,FY,2,1,1,2023-05-17,,2023-04-11,53440000000
82540,2021-02-28,FY,3,2,1,2021-08-31,,2021-07-15,3010725000
82540,2022-02-28,2Q,2,1,1,2021-11-15,,2021-10-15,1337604000
82540,2023-08-31,FY,3,2,1,2024-01-15,,2023-11-07,3121935000
82780,2022-02-28,3Q,2,1,1,2022-01-12,,2022-01-11,54428000000
88480,2024-03-31,FY,2,1,1,2024-11-08,,2024-05-10,68835000000
88870,2023-05-31,FY,3,2,1,2023-08-31,,2023-08-08,1868705000
88940,2024-10-31,FY,2,1,1,2024-12-23,1017154000,2024-12-23,1017154000
89280,2025-06-30,FY,2,1,1,2025-09-11,,2025-08-08,26232021000
89380,2023-03-31,FY,2,1,1,2023-06-09,,2023-05-15,1167000000
89440,2021-09-30,FY,2,1,1,2021-12-13,,2021-11-10,1805186000
89450,2022-06-30,FY,2,1,1,2022-09-09,,2022-08-10,2234619000
90170,2022-03-31,FY,3,2,1,2022-08-15,,2022-06-28,3553991000
90170,2023-03-31,1Q,2,1,1,2022-08-15,,2022-08-12,1348886000
90750,2025-03-31,FY,2,1,1,2025-05-21,,2025-05-13,16922000000
90810,2021-03-31,FY,2,1,1,2021-05-10,,2021-04-27,7535000000
90810,2025-03-31,FY,2,1,1,2025-12-01,,2025-04-30,21656000000
90900,2021-03-31,FY,2,1,1,2021-05-11,,2021-05-10,13364271000
91070,2023-03-31,FY,2,1,1,2023-05-09,,2023-05-08,142724000000
91730,2025-12-31,FY,2,1,1,2026-02-18,2003000000,2026-02-18,2003000000
92180,2024-12-31,FY,2,1,1,2025-05-15,,2025-02-14,1839753000
92500,2024-11-30,FY,2,1,1,2025-01-27,,2025-01-14,1072326000
92520,2025-08-31,FY,2,1,1,2026-01-09,,2025-10-15,11022109000
92590,2022-09-30,FY,2,1,1,2022-12-28,,2022-11-14,5799586000
92720,2024-03-31,FY,2,1,1,2024-07-03,,2024-05-14,3787727000
92740,2022-03-31,FY,3,2,1,2022-06-29,92951000000,2022-06-29,92951000000
93270,2022-03-31,FY,2,1,1,2023-02-17,,2022-05-13,571178000
93680,2023-03-31,2Q,2,1,1,2022-11-01,,2022-10-27,5001000000
94390,2025-06-30,2Q,2,1,1,2025-02-13,,2025-02-12,269378000
94450,2024-03-31,FY,2,1,1,2024-05-31,,2024-05-13,5777770000
94450,2025-03-31,FY,2,1,1,2025-05-14,,2025-05-13,6036208000
95140,2021-06-30,FY,2,1,1,2021-08-13,,2021-08-11,3387000000
95530,2026-09-30,1Q,2,1,1,2026-02-27,,2026-02-13,1495370000
96320,2024-01-31,FY,2,1,1,2024-03-15,,2024-03-14,7031389000
96350,2024-03-31,FY,3,1,2,2024-05-28,,2024-05-14,633388000
96820,2024-03-31,2Q,2,1,1,2023-11-01,,2023-10-30,11642000000
97530,2023-03-31,FY,2,1,1,2024-02-09,,2023-05-12,4033144000
97610,2024-03-31,FY,2,1,1,2025-02-21,,2024-05-14,3300731000
97650,2026-05-31,2Q,2,1,1,2026-01-23,,2026-01-09,2454818000
98120,2022-05-31,FY,2,1,1,2022-08-10,,2022-07-14,6595790000
98460,2024-02-29,2Q,2,1,1,2023-10-05,,2023-10-04,7960804000
98530,2021-03-31,FY,2,1,1,2021-08-03,,2021-05-14,3660593000
98540,2025-03-31,FY,2,1,1,2025-05-19,,2025-05-12,10090000000
98780,2022-03-20,FY,4,1,3,2022-08-05,,2022-05-02,1971552000
98890,2024-03-31,FY,2,1,1,2024-05-13,,2024-05-09,19380000000
98900,2026-03-31,2Q,2,1,1,2025-12-03,,2025-11-11,10662258000
99020,2024-03-31,FY,2,1,1,2024-05-10,,2024-05-08,19096000000
99270,2021-03-31,FY,2,1,1,2021-05-24,,2021-05-14,2375982000
99300,2025-03-31,FY,2,1,1,2025-05-16,,2025-05-15,4531067000
99410,2022-09-30,FY,2,1,1,2023-08-18,,2022-11-18,749231000
99410,2025-09-30,FY,2,1,1,2025-11-27,,2025-11-14,761145000
99760,2023-02-20,2Q,2,1,1,2022-09-30,,2022-09-29,4639921000
99760,2024-02-20,2Q,2,1,1,2023-09-29,,2023-09-28,4513003000
99780,2022-08-31,2Q,2,1,1,2022-05-10,,2022-04-13,2236768000
99790,2021-08-31,FY,2,1,1,2021-10-18,12775000000,2021-10-18,12775000000
99800,2021-03-31,FY,2,1,1,2021-06-03,,2021-05-14,14103648000
99900,2023-03-31,FY,2,1,1,2023-06-21,,2023-05-10,23224701000
99970,2023-03-31,1Q,2,1,1,2022-08-10,,2022-07-29,32087000000
